{
    "type": "FeatureCollection",
    "features": [
        {
            "type": "Feature",
            "geometry": {
                "type": "Polygon",
                "coordinates": [
                    [
                        [
                            13.832567,
                            51.035615
                        ],
                        [
                            13.83143,
                            51.035975
                        ],
                        [
                            13.829883,
                            51.036282
                        ],
                        [
                            13.828427,
                            51.036686
                        ],
                        [
                            13.828053,
                            51.036817
                        ],
                        [
                            13.826318,
                            51.037545
                        ],
                        [
                            13.825356,
                            51.037976
                        ],
                        [
                            13.82388,
                            51.038696
                        ],
                        [
                            13.821626,
                            51.039843
                        ],
                        [
                            13.821016,
                            51.040216
                        ],
                        [
                            13.82033,
                            51.040713
                        ],
                        [
                            13.8197,
                            51.04127
                        ],
                        [
                            13.819082,
                            51.041893
                        ],
                        [
                            13.818444,
                            51.042672
                        ],
                        [
                            13.817181,
                            51.044464
                        ],
                        [
                            13.81622,
                            51.046062
                        ],
                        [
                            13.815187,
                            51.047442
                        ],
                        [
                            13.813977,
                            51.048841
                        ],
                        [
                            13.813476,
                            51.049513
                        ],
                        [
                            13.810691,
                            51.052488
                        ],
                        [
                            13.810478,
                            51.052857
                        ],
                        [
                            13.809847,
                            51.05358
                        ],
                        [
                            13.808734,
                            51.055068
                        ],
                        [
                            13.808464,
                            51.055171
                        ],
                        [
                            13.807408,
                            51.056852
                        ],
                        [
                            13.805883,
                            51.058536
                        ],
                        [
                            13.805838,
                            51.058764
                        ],
                        [
                            13.804825,
                            51.059415
                        ],
                        [
                            13.804283,
                            51.059726
                        ],
                        [
                            13.802962,
                            51.060397
                        ],
                        [
                            13.802467,
                            51.060618
                        ],
                        [
                            13.800693,
                            51.061317
                        ],
                        [
                            13.799751,
                            51.061627
                        ],
                        [
                            13.798976,
                            51.061742
                        ],
                        [
                            13.797575,
                            51.062088
                        ],
                        [
                            13.796391,
                            51.062353
                        ],
                        [
                            13.79451,
                            51.062684
                        ],
                        [
                            13.792722,
                            51.062966
                        ],
                        [
                            13.790079,
                            51.063343
                        ],
                        [
                            13.790298,
                            51.06408
                        ],
                        [
                            13.790491,
                            51.064302
                        ],
                        [
                            13.790781,
                            51.065211
                        ],
                        [
                            13.790684,
                            51.065995
                        ],
                        [
                            13.790613,
                            51.066016
                        ],
                        [
                            13.790395,
                            51.06709
                        ],
                        [
                            13.790739,
                            51.067263
                        ],
                        [
                            13.791383,
                            51.067448
                        ],
                        [
                            13.791826,
                            51.067466
                        ],
                        [
                            13.792204,
                            51.067606
                        ],
                        [
                            13.792859,
                            51.067984
                        ],
                        [
                            13.793043,
                            51.068526
                        ],
                        [
                            13.793203,
                            51.068672
                        ],
                        [
                            13.794391,
                            51.069053
                        ],
                        [
                            13.794694,
                            51.069347
                        ],
                        [
                            13.794364,
                            51.069729
                        ],
                        [
                            13.794335,
                            51.070248
                        ],
                        [
                            13.794146,
                            51.070754
                        ],
                        [
                            13.794813,
                            51.071678
                        ],
                        [
                            13.794837,
                            51.071929
                        ],
                        [
                            13.795038,
                            51.072294
                        ],
                        [
                            13.795251,
                            51.072444
                        ],
                        [
                            13.795574,
                            51.073202
                        ],
                        [
                            13.796039,
                            51.073435
                        ],
                        [
                            13.796789,
                            51.073577
                        ],
                        [
                            13.797604,
                            51.074162
                        ],
                        [
                            13.797574,
                            51.074431
                        ],
                        [
                            13.797732,
                            51.074747
                        ],
                        [
                            13.798108,
                            51.074974
                        ],
                        [
                            13.796545,
                            51.075009
                        ],
                        [
                            13.7973,
                            51.075372
                        ],
                        [
                            13.799497,
                            51.076279
                        ],
                        [
                            13.800164,
                            51.076611
                        ],
                        [
                            13.799556,
                            51.077155
                        ],
                        [
                            13.799315,
                            51.077056
                        ],
                        [
                            13.798774,
                            51.077479
                        ],
                        [
                            13.796653,
                            51.07952
                        ],
                        [
                            13.795799,
                            51.080311
                        ],
                        [
                            13.792855,
                            51.083173
                        ],
                        [
                            13.791084,
                            51.084991
                        ],
                        [
                            13.786737,
                            51.089134
                        ],
                        [
                            13.786855,
                            51.089272
                        ],
                        [
                            13.787704,
                            51.089623
                        ],
                        [
                            13.78818,
                            51.089877
                        ],
                        [
                            13.788827,
                            51.09031
                        ],
                        [
                            13.788051,
                            51.090732
                        ],
                        [
                            13.786844,
                            51.090807
                        ],
                        [
                            13.78661,
                            51.090974
                        ],
                        [
                            13.785873,
                            51.091318
                        ],
                        [
                            13.785289,
                            51.091813
                        ],
                        [
                            13.784558,
                            51.092152
                        ],
                        [
                            13.783939,
                            51.092293
                        ],
                        [
                            13.782603,
                            51.092942
                        ],
                        [
                            13.782256,
                            51.093268
                        ],
                        [
                            13.781537,
                            51.093579
                        ],
                        [
                            13.780488,
                            51.0937
                        ],
                        [
                            13.779835,
                            51.09367
                        ],
                        [
                            13.778486,
                            51.093808
                        ],
                        [
                            13.778005,
                            51.093948
                        ],
                        [
                            13.776667,
                            51.093926
                        ],
                        [
                            13.776008,
                            51.094147
                        ],
                        [
                            13.776047,
                            51.094455
                        ],
                        [
                            13.775836,
                            51.094864
                        ],
                        [
                            13.775213,
                            51.095392
                        ],
                        [
                            13.774258,
                            51.095709
                        ],
                        [
                            13.773099,
                            51.095942
                        ],
                        [
                            13.772893,
                            51.096044
                        ],
                        [
                            13.77266,
                            51.096463
                        ],
                        [
                            13.773983,
                            51.096995
                        ],
                        [
                            13.774758,
                            51.09727
                        ],
                        [
                            13.776393,
                            51.097724
                        ],
                        [
                            13.777257,
                            51.097893
                        ],
                        [
                            13.779961,
                            51.09834
                        ],
                        [
                            13.781092,
                            51.098573
                        ],
                        [
                            13.782722,
                            51.099077
                        ],
                        [
                            13.783768,
                            51.099502
                        ],
                        [
                            13.785154,
                            51.100258
                        ],
                        [
                            13.785845,
                            51.100696
                        ],
                        [
                            13.786737,
                            51.1014
                        ],
                        [
                            13.787588,
                            51.102348
                        ],
                        [
                            13.788081,
                            51.103145
                        ],
                        [
                            13.788475,
                            51.103991
                        ],
                        [
                            13.788715,
                            51.104935
                        ],
                        [
                            13.788777,
                            51.105718
                        ],
                        [
                            13.788732,
                            51.106422
                        ],
                        [
                            13.788392,
                            51.107872
                        ],
                        [
                            13.788079,
                            51.109019
                        ],
                        [
                            13.7878,
                            51.110579
                        ],
                        [
                            13.787849,
                            51.111726
                        ],
                        [
                            13.788088,
                            51.11258
                        ],
                        [
                            13.788498,
                            51.113477
                        ],
                        [
                            13.78928,
                            51.113405
                        ],
                        [
                            13.789222,
                            51.113771
                        ],
                        [
                            13.789822,
                            51.114266
                        ],
                        [
                            13.790465,
                            51.114638
                        ],
                        [
                            13.790709,
                            51.115453
                        ],
                        [
                            13.79096,
                            51.115807
                        ],
                        [
                            13.792488,
                            51.117471
                        ],
                        [
                            13.792802,
                            51.117767
                        ],
                        [
                            13.793226,
                            51.117975
                        ],
                        [
                            13.793132,
                            51.11807
                        ],
                        [
                            13.793713,
                            51.118686
                        ],
                        [
                            13.794568,
                            51.119485
                        ],
                        [
                            13.795203,
                            51.120005
                        ],
                        [
                            13.795555,
                            51.120383
                        ],
                        [
                            13.795426,
                            51.120557
                        ],
                        [
                            13.794357,
                            51.120469
                        ],
                        [
                            13.794345,
                            51.120619
                        ],
                        [
                            13.795409,
                            51.121315
                        ],
                        [
                            13.795602,
                            51.121635
                        ],
                        [
                            13.797309,
                            51.123334
                        ],
                        [
                            13.79791,
                            51.12327
                        ],
                        [
                            13.79905,
                            51.124333
                        ],
                        [
                            13.800271,
                            51.125421
                        ],
                        [
                            13.801457,
                            51.126176
                        ],
                        [
                            13.802482,
                            51.126731
                        ],
                        [
                            13.805716,
                            51.128148
                        ],
                        [
                            13.806982,
                            51.128477
                        ],
                        [
                            13.807899,
                            51.128642
                        ],
                        [
                            13.808337,
                            51.129449
                        ],
                        [
                            13.808403,
                            51.130013
                        ],
                        [
                            13.808092,
                            51.130914
                        ],
                        [
                            13.807926,
                            51.13125
                        ],
                        [
                            13.807611,
                            51.131614
                        ],
                        [
                            13.805258,
                            51.133722
                        ],
                        [
                            13.807488,
                            51.135016
                        ],
                        [
                            13.808661,
                            51.135337
                        ],
                        [
                            13.811215,
                            51.135541
                        ],
                        [
                            13.811985,
                            51.136463
                        ],
                        [
                            13.812382,
                            51.137198
                        ],
                        [
                            13.812779,
                            51.137584
                        ],
                        [
                            13.81329,
                            51.137923
                        ],
                        [
                            13.816211,
                            51.138482
                        ],
                        [
                            13.817448,
                            51.138846
                        ],
                        [
                            13.817891,
                            51.138179
                        ],
                        [
                            13.819096,
                            51.137945
                        ],
                        [
                            13.820222,
                            51.137812
                        ],
                        [
                            13.819619,
                            51.137056
                        ],
                        [
                            13.819409,
                            51.136396
                        ],
                        [
                            13.819097,
                            51.136036
                        ],
                        [
                            13.818847,
                            51.135457
                        ],
                        [
                            13.818442,
                            51.134333
                        ],
                        [
                            13.818159,
                            51.133833
                        ],
                        [
                            13.818195,
                            51.133248
                        ],
                        [
                            13.818405,
                            51.131904
                        ],
                        [
                            13.818374,
                            51.13103
                        ],
                        [
                            13.81804,
                            51.130126
                        ],
                        [
                            13.817577,
                            51.12958
                        ],
                        [
                            13.816939,
                            51.127917
                        ],
                        [
                            13.816485,
                            51.127828
                        ],
                        [
                            13.816412,
                            51.127476
                        ],
                        [
                            13.816952,
                            51.127347
                        ],
                        [
                            13.816965,
                            51.126563
                        ],
                        [
                            13.817162,
                            51.125855
                        ],
                        [
                            13.820355,
                            51.125917
                        ],
                        [
                            13.821299,
                            51.125857
                        ],
                        [
                            13.826555,
                            51.125278
                        ],
                        [
                            13.826335,
                            51.12514
                        ],
                        [
                            13.826194,
                            51.124469
                        ],
                        [
                            13.827423,
                            51.122904
                        ],
                        [
                            13.828561,
                            51.122213
                        ],
                        [
                            13.831812,
                            51.121941
                        ],
                        [
                            13.834236,
                            51.121204
                        ],
                        [
                            13.83655,
                            51.12088
                        ],
                        [
                            13.838168,
                            51.120603
                        ],
                        [
                            13.838358,
                            51.120601
                        ],
                        [
                            13.839309,
                            51.120971
                        ],
                        [
                            13.84056,
                            51.121517
                        ],
                        [
                            13.841111,
                            51.121717
                        ],
                        [
                            13.843235,
                            51.122597
                        ],
                        [
                            13.84384,
                            51.122651
                        ],
                        [
                            13.845829,
                            51.122544
                        ],
                        [
                            13.846365,
                            51.122472
                        ],
                        [
                            13.847035,
                            51.122745
                        ],
                        [
                            13.848304,
                            51.123736
                        ],
                        [
                            13.848198,
                            51.124164
                        ],
                        [
                            13.847784,
                            51.124548
                        ],
                        [
                            13.848192,
                            51.124718
                        ],
                        [
                            13.847971,
                            51.124948
                        ],
                        [
                            13.847531,
                            51.124787
                        ],
                        [
                            13.847075,
                            51.125295
                        ],
                        [
                            13.846625,
                            51.125493
                        ],
                        [
                            13.847395,
                            51.125832
                        ],
                        [
                            13.84899,
                            51.125573
                        ],
                        [
                            13.84956,
                            51.12569
                        ],
                        [
                            13.851069,
                            51.12546
                        ],
                        [
                            13.853234,
                            51.125105
                        ],
                        [
                            13.852629,
                            51.1258
                        ],
                        [
                            13.853543,
                            51.125944
                        ],
                        [
                            13.853665,
                            51.126252
                        ],
                        [
                            13.85347,
                            51.126464
                        ],
                        [
                            13.853733,
                            51.126677
                        ],
                        [
                            13.853963,
                            51.127368
                        ],
                        [
                            13.854568,
                            51.127454
                        ],
                        [
                            13.855754,
                            51.127477
                        ],
                        [
                            13.856612,
                            51.127609
                        ],
                        [
                            13.858284,
                            51.12799
                        ],
                        [
                            13.858488,
                            51.127666
                        ],
                        [
                            13.860152,
                            51.127273
                        ],
                        [
                            13.860675,
                            51.126463
                        ],
                        [
                            13.860701,
                            51.125923
                        ],
                        [
                            13.861716,
                            51.125669
                        ],
                        [
                            13.862338,
                            51.125444
                        ],
                        [
                            13.863069,
                            51.12586
                        ],
                        [
                            13.863824,
                            51.126471
                        ],
                        [
                            13.864003,
                            51.126891
                        ],
                        [
                            13.864649,
                            51.127636
                        ],
                        [
                            13.867381,
                            51.128146
                        ],
                        [
                            13.868137,
                            51.12787
                        ],
                        [
                            13.869137,
                            51.127858
                        ],
                        [
                            13.869707,
                            51.12781
                        ],
                        [
                            13.871545,
                            51.127536
                        ],
                        [
                            13.871955,
                            51.127448
                        ],
                        [
                            13.872582,
                            51.127428
                        ],
                        [
                            13.873042,
                            51.127251
                        ],
                        [
                            13.873392,
                            51.126971
                        ],
                        [
                            13.873832,
                            51.126383
                        ],
                        [
                            13.874339,
                            51.126001
                        ],
                        [
                            13.875271,
                            51.125911
                        ],
                        [
                            13.876059,
                            51.125685
                        ],
                        [
                            13.877495,
                            51.125329
                        ],
                        [
                            13.878545,
                            51.124895
                        ],
                        [
                            13.87938,
                            51.12425
                        ],
                        [
                            13.879967,
                            51.123506
                        ],
                        [
                            13.880239,
                            51.123462
                        ],
                        [
                            13.880514,
                            51.122875
                        ],
                        [
                            13.880593,
                            51.122157
                        ],
                        [
                            13.881381,
                            51.121037
                        ],
                        [
                            13.881768,
                            51.120434
                        ],
                        [
                            13.882258,
                            51.119842
                        ],
                        [
                            13.883466,
                            51.119234
                        ],
                        [
                            13.884133,
                            51.118562
                        ],
                        [
                            13.884858,
                            51.116873
                        ],
                        [
                            13.885333,
                            51.116224
                        ],
                        [
                            13.885881,
                            51.11558
                        ],
                        [
                            13.886325,
                            51.114884
                        ],
                        [
                            13.886588,
                            51.114599
                        ],
                        [
                            13.88738,
                            51.113175
                        ],
                        [
                            13.887945,
                            51.113257
                        ],
                        [
                            13.88926,
                            51.113328
                        ],
                        [
                            13.890579,
                            51.113322
                        ],
                        [
                            13.892847,
                            51.113222
                        ],
                        [
                            13.892874,
                            51.113034
                        ],
                        [
                            13.892504,
                            51.112715
                        ],
                        [
                            13.892409,
                            51.111917
                        ],
                        [
                            13.892475,
                            51.11132
                        ],
                        [
                            13.892911,
                            51.111175
                        ],
                        [
                            13.893753,
                            51.111262
                        ],
                        [
                            13.894182,
                            51.110342
                        ],
                        [
                            13.894919,
                            51.10964
                        ],
                        [
                            13.895137,
                            51.109484
                        ],
                        [
                            13.895804,
                            51.109235
                        ],
                        [
                            13.896237,
                            51.109155
                        ],
                        [
                            13.896398,
                            51.108944
                        ],
                        [
                            13.898005,
                            51.108402
                        ],
                        [
                            13.898952,
                            51.108298
                        ],
                        [
                            13.898593,
                            51.107992
                        ],
                        [
                            13.89795,
                            51.107148
                        ],
                        [
                            13.895325,
                            51.103796
                        ],
                        [
                            13.899633,
                            51.102464
                        ],
                        [
                            13.900516,
                            51.101338
                        ],
                        [
                            13.901533,
                            51.100266
                        ],
                        [
                            13.901965,
                            51.099725
                        ],
                        [
                            13.903031,
                            51.098536
                        ],
                        [
                            13.90336,
                            51.098401
                        ],
                        [
                            13.903876,
                            51.098314
                        ],
                        [
                            13.90449,
                            51.098325
                        ],
                        [
                            13.905272,
                            51.098433
                        ],
                        [
                            13.906157,
                            51.098698
                        ],
                        [
                            13.9064,
                            51.098823
                        ],
                        [
                            13.90669,
                            51.098783
                        ],
                        [
                            13.907121,
                            51.098572
                        ],
                        [
                            13.907607,
                            51.098167
                        ],
                        [
                            13.908324,
                            51.097763
                        ],
                        [
                            13.908642,
                            51.097444
                        ],
                        [
                            13.909478,
                            51.097218
                        ],
                        [
                            13.909967,
                            51.096924
                        ],
                        [
                            13.909788,
                            51.096754
                        ],
                        [
                            13.90878,
                            51.09631
                        ],
                        [
                            13.911051,
                            51.094166
                        ],
                        [
                            13.910764,
                            51.094022
                        ],
                        [
                            13.91004,
                            51.092989
                        ],
                        [
                            13.909929,
                            51.09261
                        ],
                        [
                            13.909996,
                            51.092357
                        ],
                        [
                            13.910334,
                            51.09201
                        ],
                        [
                            13.910596,
                            51.091357
                        ],
                        [
                            13.910644,
                            51.091025
                        ],
                        [
                            13.910025,
                            51.090786
                        ],
                        [
                            13.909707,
                            51.090276
                        ],
                        [
                            13.909576,
                            51.089867
                        ],
                        [
                            13.906411,
                            51.089605
                        ],
                        [
                            13.906133,
                            51.089481
                        ],
                        [
                            13.905301,
                            51.08882
                        ],
                        [
                            13.905007,
                            51.088353
                        ],
                        [
                            13.904698,
                            51.08773
                        ],
                        [
                            13.904366,
                            51.086855
                        ],
                        [
                            13.904361,
                            51.085801
                        ],
                        [
                            13.90545,
                            51.085196
                        ],
                        [
                            13.906397,
                            51.084799
                        ],
                        [
                            13.904316,
                            51.084064
                        ],
                        [
                            13.903216,
                            51.083585
                        ],
                        [
                            13.902733,
                            51.083169
                        ],
                        [
                            13.90216,
                            51.082821
                        ],
                        [
                            13.901735,
                            51.083262
                        ],
                        [
                            13.901343,
                            51.08352
                        ],
                        [
                            13.899242,
                            51.084584
                        ],
                        [
                            13.898339,
                            51.084829
                        ],
                        [
                            13.897445,
                            51.085131
                        ],
                        [
                            13.896761,
                            51.08613
                        ],
                        [
                            13.897481,
                            51.086323
                        ],
                        [
                            13.897986,
                            51.086231
                        ],
                        [
                            13.898642,
                            51.086223
                        ],
                        [
                            13.899304,
                            51.086431
                        ],
                        [
                            13.899701,
                            51.086434
                        ],
                        [
                            13.900546,
                            51.086273
                        ],
                        [
                            13.900833,
                            51.086572
                        ],
                        [
                            13.900694,
                            51.086699
                        ],
                        [
                            13.900855,
                            51.087038
                        ],
                        [
                            13.901522,
                            51.087878
                        ],
                        [
                            13.901231,
                            51.088295
                        ],
                        [
                            13.900974,
                            51.088366
                        ],
                        [
                            13.899115,
                            51.088393
                        ],
                        [
                            13.899079,
                            51.088289
                        ],
                        [
                            13.898194,
                            51.088171
                        ],
                        [
                            13.897296,
                            51.087896
                        ],
                        [
                            13.896787,
                            51.087673
                        ],
                        [
                            13.89599,
                            51.087523
                        ],
                        [
                            13.89643,
                            51.086779
                        ],
                        [
                            13.895285,
                            51.086596
                        ],
                        [
                            13.896185,
                            51.085641
                        ],
                        [
                            13.893987,
                            51.084769
                        ],
                        [
                            13.893666,
                            51.084594
                        ],
                        [
                            13.891103,
                            51.082948
                        ],
                        [
                            13.891357,
                            51.082472
                        ],
                        [
                            13.892317,
                            51.082718
                        ],
                        [
                            13.89324,
                            51.082757
                        ],
                        [
                            13.895232,
                            51.082894
                        ],
                        [
                            13.896793,
                            51.081985
                        ],
                        [
                            13.89585,
                            51.08113
                        ],
                        [
                            13.895569,
                            51.080723
                        ],
                        [
                            13.895926,
                            51.079486
                        ],
                        [
                            13.895618,
                            51.07926
                        ],
                        [
                            13.895198,
                            51.07913
                        ],
                        [
                            13.893855,
                            51.078853
                        ],
                        [
                            13.892361,
                            51.078439
                        ],
                        [
                            13.891199,
                            51.078059
                        ],
                        [
                            13.890687,
                            51.077851
                        ],
                        [
                            13.889943,
                            51.077423
                        ],
                        [
                            13.889061,
                            51.076585
                        ],
                        [
                            13.887899,
                            51.075221
                        ],
                        [
                            13.887528,
                            51.074839
                        ],
                        [
                            13.886466,
                            51.073923
                        ],
                        [
                            13.886153,
                            51.073716
                        ],
                        [
                            13.885746,
                            51.073637
                        ],
                        [
                            13.884065,
                            51.073669
                        ],
                        [
                            13.883679,
                            51.07361
                        ],
                        [
                            13.883442,
                            51.073285
                        ],
                        [
                            13.88313,
                            51.073307
                        ],
                        [
                            13.881729,
                            51.072854
                        ],
                        [
                            13.88113,
                            51.072711
                        ],
                        [
                            13.881276,
                            51.072477
                        ],
                        [
                            13.880549,
                            51.072389
                        ],
                        [
                            13.880972,
                            51.071754
                        ],
                        [
                            13.879597,
                            51.071433
                        ],
                        [
                            13.87916,
                            51.071971
                        ],
                        [
                            13.878396,
                            51.071674
                        ],
                        [
                            13.878154,
                            51.072122
                        ],
                        [
                            13.877075,
                            51.071803
                        ],
                        [
                            13.877785,
                            51.07086
                        ],
                        [
                            13.876716,
                            51.070548
                        ],
                        [
                            13.875894,
                            51.071444
                        ],
                        [
                            13.87212,
                            51.06972
                        ],
                        [
                            13.870481,
                            51.068952
                        ],
                        [
                            13.869547,
                            51.068294
                        ],
                        [
                            13.867822,
                            51.06757
                        ],
                        [
                            13.866223,
                            51.066791
                        ],
                        [
                            13.867197,
                            51.065773
                        ],
                        [
                            13.86843,
                            51.06433
                        ],
                        [
                            13.868818,
                            51.063745
                        ],
                        [
                            13.869263,
                            51.062961
                        ],
                        [
                            13.870052,
                            51.061342
                        ],
                        [
                            13.870452,
                            51.060376
                        ],
                        [
                            13.870805,
                            51.059769
                        ],
                        [
                            13.870929,
                            51.059397
                        ],
                        [
                            13.870918,
                            51.059037
                        ],
                        [
                            13.870693,
                            51.058279
                        ],
                        [
                            13.870671,
                            51.057769
                        ],
                        [
                            13.870506,
                            51.057285
                        ],
                        [
                            13.870464,
                            51.056888
                        ],
                        [
                            13.87053,
                            51.05564
                        ],
                        [
                            13.870484,
                            51.055346
                        ],
                        [
                            13.870039,
                            51.054452
                        ],
                        [
                            13.868988,
                            51.053255
                        ],
                        [
                            13.869604,
                            51.052985
                        ],
                        [
                            13.868668,
                            51.052011
                        ],
                        [
                            13.868161,
                            51.052281
                        ],
                        [
                            13.867592,
                            51.051874
                        ],
                        [
                            13.866448,
                            51.050831
                        ],
                        [
                            13.866157,
                            51.050798
                        ],
                        [
                            13.864744,
                            51.050779
                        ],
                        [
                            13.863777,
                            51.049471
                        ],
                        [
                            13.86354,
                            51.049094
                        ],
                        [
                            13.862474,
                            51.049266
                        ],
                        [
                            13.862115,
                            51.04922
                        ],
                        [
                            13.861755,
                            51.049357
                        ],
                        [
                            13.861018,
                            51.049449
                        ],
                        [
                            13.860793,
                            51.049635
                        ],
                        [
                            13.860002,
                            51.049515
                        ],
                        [
                            13.859655,
                            51.049346
                        ],
                        [
                            13.859539,
                            51.049123
                        ],
                        [
                            13.85868,
                            51.048799
                        ],
                        [
                            13.858566,
                            51.048602
                        ],
                        [
                            13.858099,
                            51.0485
                        ],
                        [
                            13.858021,
                            51.048331
                        ],
                        [
                            13.857534,
                            51.048136
                        ],
                        [
                            13.857128,
                            51.048075
                        ],
                        [
                            13.856348,
                            51.047763
                        ],
                        [
                            13.855781,
                            51.04783
                        ],
                        [
                            13.855367,
                            51.047659
                        ],
                        [
                            13.855147,
                            51.047692
                        ],
                        [
                            13.854707,
                            51.047308
                        ],
                        [
                            13.853684,
                            51.04709
                        ],
                        [
                            13.853409,
                            51.046914
                        ],
                        [
                            13.852903,
                            51.046409
                        ],
                        [
                            13.852454,
                            51.046061
                        ],
                        [
                            13.851477,
                            51.045739
                        ],
                        [
                            13.851391,
                            51.045574
                        ],
                        [
                            13.85103,
                            51.04538
                        ],
                        [
                            13.850752,
                            51.044669
                        ],
                        [
                            13.850332,
                            51.044382
                        ],
                        [
                            13.850196,
                            51.044176
                        ],
                        [
                            13.849767,
                            51.044249
                        ],
                        [
                            13.849053,
                            51.0441
                        ],
                        [
                            13.848497,
                            51.044315
                        ],
                        [
                            13.848443,
                            51.044505
                        ],
                        [
                            13.847899,
                            51.044562
                        ],
                        [
                            13.847564,
                            51.044452
                        ],
                        [
                            13.846962,
                            51.044399
                        ],
                        [
                            13.84656,
                            51.04418
                        ],
                        [
                            13.845886,
                            51.043993
                        ],
                        [
                            13.845085,
                            51.04394
                        ],
                        [
                            13.844453,
                            51.043738
                        ],
                        [
                            13.843856,
                            51.043437
                        ],
                        [
                            13.844049,
                            51.043093
                        ],
                        [
                            13.843402,
                            51.043151
                        ],
                        [
                            13.842883,
                            51.042796
                        ],
                        [
                            13.842472,
                            51.043056
                        ],
                        [
                            13.842128,
                            51.043122
                        ],
                        [
                            13.841767,
                            51.04301
                        ],
                        [
                            13.842161,
                            51.042595
                        ],
                        [
                            13.842606,
                            51.042374
                        ],
                        [
                            13.843148,
                            51.042015
                        ],
                        [
                            13.844152,
                            51.040986
                        ],
                        [
                            13.844424,
                            51.040599
                        ],
                        [
                            13.844715,
                            51.040402
                        ],
                        [
                            13.843791,
                            51.039914
                        ],
                        [
                            13.844256,
                            51.039576
                        ],
                        [
                            13.843956,
                            51.039286
                        ],
                        [
                            13.844506,
                            51.038864
                        ],
                        [
                            13.843715,
                            51.038511
                        ],
                        [
                            13.842969,
                            51.038258
                        ],
                        [
                            13.842514,
                            51.038022
                        ],
                        [
                            13.842714,
                            51.037913
                        ],
                        [
                            13.841872,
                            51.037208
                        ],
                        [
                            13.84113,
                            51.037098
                        ],
                        [
                            13.840918,
                            51.037013
                        ],
                        [
                            13.840246,
                            51.036463
                        ],
                        [
                            13.840653,
                            51.036402
                        ],
                        [
                            13.841365,
                            51.036661
                        ],
                        [
                            13.841946,
                            51.036031
                        ],
                        [
                            13.841403,
                            51.03573
                        ],
                        [
                            13.84109,
                            51.035307
                        ],
                        [
                            13.841538,
                            51.035236
                        ],
                        [
                            13.842919,
                            51.035568
                        ],
                        [
                            13.843172,
                            51.035385
                        ],
                        [
                            13.843089,
                            51.035219
                        ],
                        [
                            13.843107,
                            51.03476
                        ],
                        [
                            13.843519,
                            51.034683
                        ],
                        [
                            13.842938,
                            51.03411
                        ],
                        [
                            13.841994,
                            51.03371
                        ],
                        [
                            13.842449,
                            51.03339
                        ],
                        [
                            13.84316,
                            51.033121
                        ],
                        [
                            13.843631,
                            51.033046
                        ],
                        [
                            13.8437,
                            51.032883
                        ],
                        [
                            13.844315,
                            51.033034
                        ],
                        [
                            13.84486,
                            51.033512
                        ],
                        [
                            13.845337,
                            51.03373
                        ],
                        [
                            13.845865,
                            51.033879
                        ],
                        [
                            13.846355,
                            51.03393
                        ],
                        [
                            13.846844,
                            51.034287
                        ],
                        [
                            13.848012,
                            51.034472
                        ],
                        [
                            13.848066,
                            51.033689
                        ],
                        [
                            13.847865,
                            51.033667
                        ],
                        [
                            13.847339,
                            51.033373
                        ],
                        [
                            13.846701,
                            51.03318
                        ],
                        [
                            13.846844,
                            51.032863
                        ],
                        [
                            13.847275,
                            51.032613
                        ],
                        [
                            13.847277,
                            51.032375
                        ],
                        [
                            13.847549,
                            51.03222
                        ],
                        [
                            13.847776,
                            51.031841
                        ],
                        [
                            13.848182,
                            51.031562
                        ],
                        [
                            13.848896,
                            51.030892
                        ],
                        [
                            13.849115,
                            51.030805
                        ],
                        [
                            13.850338,
                            51.030611
                        ],
                        [
                            13.851174,
                            51.030329
                        ],
                        [
                            13.850765,
                            51.030028
                        ],
                        [
                            13.850456,
                            51.029414
                        ],
                        [
                            13.850537,
                            51.029151
                        ],
                        [
                            13.850988,
                            51.028668
                        ],
                        [
                            13.85113,
                            51.028118
                        ],
                        [
                            13.851281,
                            51.027967
                        ],
                        [
                            13.851965,
                            51.028153
                        ],
                        [
                            13.851987,
                            51.027995
                        ],
                        [
                            13.852404,
                            51.027738
                        ],
                        [
                            13.852013,
                            51.027419
                        ],
                        [
                            13.852303,
                            51.027336
                        ],
                        [
                            13.853047,
                            51.027403
                        ],
                        [
                            13.853978,
                            51.02767
                        ],
                        [
                            13.854796,
                            51.02777
                        ],
                        [
                            13.854881,
                            51.027594
                        ],
                        [
                            13.854517,
                            51.027387
                        ],
                        [
                            13.855015,
                            51.026991
                        ],
                        [
                            13.855652,
                            51.026686
                        ],
                        [
                            13.856148,
                            51.026567
                        ],
                        [
                            13.856693,
                            51.025893
                        ],
                        [
                            13.857806,
                            51.024692
                        ],
                        [
                            13.858764,
                            51.024113
                        ],
                        [
                            13.859496,
                            51.023878
                        ],
                        [
                            13.860366,
                            51.023359
                        ],
                        [
                            13.861088,
                            51.023
                        ],
                        [
                            13.861471,
                            51.022583
                        ],
                        [
                            13.861875,
                            51.022405
                        ],
                        [
                            13.862381,
                            51.022068
                        ],
                        [
                            13.863192,
                            51.021616
                        ],
                        [
                            13.863598,
                            51.02134
                        ],
                        [
                            13.864298,
                            51.020963
                        ],
                        [
                            13.86488,
                            51.021175
                        ],
                        [
                            13.866415,
                            51.021222
                        ],
                        [
                            13.866909,
                            51.020494
                        ],
                        [
                            13.86764,
                            51.019921
                        ],
                        [
                            13.867471,
                            51.019778
                        ],
                        [
                            13.867538,
                            51.019524
                        ],
                        [
                            13.867252,
                            51.019088
                        ],
                        [
                            13.867968,
                            51.018458
                        ],
                        [
                            13.867966,
                            51.018247
                        ],
                        [
                            13.868363,
                            51.017982
                        ],
                        [
                            13.868967,
                            51.017999
                        ],
                        [
                            13.86941,
                            51.017818
                        ],
                        [
                            13.869196,
                            51.017582
                        ],
                        [
                            13.869546,
                            51.017343
                        ],
                        [
                            13.869939,
                            51.017349
                        ],
                        [
                            13.870207,
                            51.017513
                        ],
                        [
                            13.870941,
                            51.017301
                        ],
                        [
                            13.871117,
                            51.017171
                        ],
                        [
                            13.871,
                            51.01658
                        ],
                        [
                            13.871653,
                            51.016307
                        ],
                        [
                            13.871712,
                            51.016146
                        ],
                        [
                            13.872611,
                            51.015574
                        ],
                        [
                            13.873428,
                            51.015329
                        ],
                        [
                            13.87397,
                            51.015432
                        ],
                        [
                            13.874421,
                            51.015634
                        ],
                        [
                            13.87444,
                            51.016339
                        ],
                        [
                            13.875066,
                            51.016747
                        ],
                        [
                            13.875207,
                            51.016737
                        ],
                        [
                            13.875727,
                            51.017223
                        ],
                        [
                            13.875913,
                            51.01757
                        ],
                        [
                            13.876462,
                            51.017861
                        ],
                        [
                            13.877073,
                            51.017308
                        ],
                        [
                            13.878018,
                            51.01671
                        ],
                        [
                            13.878278,
                            51.016299
                        ],
                        [
                            13.878948,
                            51.016488
                        ],
                        [
                            13.879304,
                            51.016681
                        ],
                        [
                            13.879762,
                            51.016639
                        ],
                        [
                            13.880836,
                            51.016927
                        ],
                        [
                            13.881272,
                            51.016814
                        ],
                        [
                            13.882031,
                            51.01672
                        ],
                        [
                            13.882604,
                            51.016832
                        ],
                        [
                            13.882768,
                            51.017036
                        ],
                        [
                            13.883188,
                            51.017227
                        ],
                        [
                            13.883357,
                            51.017722
                        ],
                        [
                            13.883506,
                            51.017817
                        ],
                        [
                            13.88414,
                            51.017803
                        ],
                        [
                            13.884955,
                            51.017849
                        ],
                        [
                            13.885253,
                            51.017967
                        ],
                        [
                            13.885475,
                            51.017849
                        ],
                        [
                            13.885952,
                            51.017838
                        ],
                        [
                            13.886461,
                            51.01797
                        ],
                        [
                            13.887053,
                            51.018029
                        ],
                        [
                            13.887705,
                            51.01791
                        ],
                        [
                            13.889075,
                            51.017908
                        ],
                        [
                            13.889641,
                            51.018114
                        ],
                        [
                            13.889965,
                            51.017589
                        ],
                        [
                            13.889959,
                            51.0173
                        ],
                        [
                            13.890274,
                            51.01682
                        ],
                        [
                            13.889451,
                            51.016089
                        ],
                        [
                            13.889076,
                            51.015934
                        ],
                        [
                            13.88872,
                            51.01547
                        ],
                        [
                            13.888929,
                            51.015286
                        ],
                        [
                            13.889865,
                            51.013081
                        ],
                        [
                            13.890508,
                            51.012985
                        ],
                        [
                            13.890521,
                            51.012895
                        ],
                        [
                            13.892528,
                            51.012301
                        ],
                        [
                            13.89235,
                            51.011794
                        ],
                        [
                            13.893089,
                            51.011491
                        ],
                        [
                            13.892878,
                            51.01127
                        ],
                        [
                            13.893189,
                            51.011119
                        ],
                        [
                            13.893637,
                            51.011054
                        ],
                        [
                            13.893465,
                            51.010718
                        ],
                        [
                            13.894919,
                            51.010578
                        ],
                        [
                            13.895098,
                            51.010863
                        ],
                        [
                            13.895373,
                            51.010833
                        ],
                        [
                            13.896202,
                            51.01052
                        ],
                        [
                            13.897467,
                            51.010266
                        ],
                        [
                            13.89849,
                            51.010127
                        ],
                        [
                            13.900979,
                            51.009694
                        ],
                        [
                            13.901175,
                            51.010251
                        ],
                        [
                            13.901465,
                            51.010732
                        ],
                        [
                            13.902584,
                            51.010408
                        ],
                        [
                            13.903068,
                            51.010488
                        ],
                        [
                            13.903358,
                            51.010725
                        ],
                        [
                            13.902648,
                            51.010838
                        ],
                        [
                            13.901722,
                            51.011066
                        ],
                        [
                            13.90192,
                            51.011487
                        ],
                        [
                            13.902037,
                            51.011944
                        ],
                        [
                            13.902224,
                            51.012078
                        ],
                        [
                            13.90295,
                            51.0123
                        ],
                        [
                            13.903851,
                            51.012296
                        ],
                        [
                            13.904336,
                            51.012394
                        ],
                        [
                            13.905592,
                            51.012466
                        ],
                        [
                            13.905824,
                            51.012341
                        ],
                        [
                            13.90622,
                            51.01188
                        ],
                        [
                            13.906795,
                            51.011939
                        ],
                        [
                            13.907365,
                            51.011702
                        ],
                        [
                            13.907892,
                            51.01141
                        ],
                        [
                            13.907576,
                            51.010957
                        ],
                        [
                            13.907239,
                            51.010653
                        ],
                        [
                            13.906873,
                            51.0102
                        ],
                        [
                            13.906568,
                            51.009708
                        ],
                        [
                            13.906816,
                            51.009299
                        ],
                        [
                            13.907273,
                            51.008962
                        ],
                        [
                            13.907268,
                            51.008549
                        ],
                        [
                            13.907459,
                            51.008151
                        ],
                        [
                            13.907822,
                            51.007786
                        ],
                        [
                            13.908302,
                            51.007066
                        ],
                        [
                            13.908381,
                            51.006705
                        ],
                        [
                            13.909127,
                            51.005467
                        ],
                        [
                            13.909417,
                            51.004842
                        ],
                        [
                            13.909376,
                            51.004605
                        ],
                        [
                            13.909048,
                            51.004242
                        ],
                        [
                            13.909078,
                            51.003763
                        ],
                        [
                            13.908952,
                            51.0036
                        ],
                        [
                            13.908077,
                            51.003294
                        ],
                        [
                            13.908275,
                            51.002326
                        ],
                        [
                            13.908809,
                            51.002282
                        ],
                        [
                            13.909368,
                            51.002327
                        ],
                        [
                            13.909379,
                            51.001965
                        ],
                        [
                            13.909914,
                            51.00185
                        ],
                        [
                            13.911057,
                            51.001996
                        ],
                        [
                            13.910813,
                            51.000986
                        ],
                        [
                            13.91078,
                            51.000348
                        ],
                        [
                            13.910217,
                            51.000452
                        ],
                        [
                            13.910074,
                            50.999589
                        ],
                        [
                            13.909062,
                            50.999559
                        ],
                        [
                            13.909015,
                            50.999397
                        ],
                        [
                            13.908007,
                            50.999444
                        ],
                        [
                            13.906079,
                            50.999403
                        ],
                        [
                            13.906393,
                            50.99821
                        ],
                        [
                            13.906375,
                            50.997937
                        ],
                        [
                            13.905319,
                            50.997699
                        ],
                        [
                            13.905551,
                            50.997305
                        ],
                        [
                            13.904363,
                            50.996699
                        ],
                        [
                            13.903123,
                            50.99618
                        ],
                        [
                            13.901714,
                            50.99593
                        ],
                        [
                            13.900366,
                            50.995824
                        ],
                        [
                            13.899998,
                            50.995731
                        ],
                        [
                            13.897182,
                            50.995194
                        ],
                        [
                            13.894989,
                            50.995037
                        ],
                        [
                            13.895014,
                            50.994327
                        ],
                        [
                            13.896576,
                            50.994459
                        ],
                        [
                            13.896629,
                            50.993678
                        ],
                        [
                            13.8968,
                            50.993359
                        ],
                        [
                            13.896741,
                            50.99297
                        ],
                        [
                            13.895822,
                            50.992961
                        ],
                        [
                            13.894107,
                            50.992858
                        ],
                        [
                            13.894447,
                            50.992134
                        ],
                        [
                            13.894925,
                            50.990392
                        ],
                        [
                            13.892905,
                            50.989755
                        ],
                        [
                            13.890948,
                            50.988935
                        ],
                        [
                            13.890582,
                            50.989241
                        ],
                        [
                            13.888808,
                            50.988595
                        ],
                        [
                            13.887472,
                            50.989433
                        ],
                        [
                            13.886604,
                            50.988931
                        ],
                        [
                            13.887757,
                            50.988181
                        ],
                        [
                            13.887035,
                            50.987722
                        ],
                        [
                            13.885991,
                            50.987151
                        ],
                        [
                            13.885377,
                            50.987438
                        ],
                        [
                            13.884363,
                            50.987204
                        ],
                        [
                            13.884485,
                            50.986984
                        ],
                        [
                            13.884212,
                            50.986927
                        ],
                        [
                            13.884092,
                            50.987137
                        ],
                        [
                            13.882942,
                            50.986899
                        ],
                        [
                            13.882806,
                            50.987212
                        ],
                        [
                            13.881992,
                            50.988691
                        ],
                        [
                            13.881085,
                            50.990157
                        ],
                        [
                            13.880258,
                            50.991419
                        ],
                        [
                            13.879344,
                            50.992763
                        ],
                        [
                            13.878971,
                            50.993354
                        ],
                        [
                            13.878132,
                            50.994573
                        ],
                        [
                            13.877387,
                            50.995793
                        ],
                        [
                            13.876764,
                            50.99675
                        ],
                        [
                            13.876376,
                            50.997452
                        ],
                        [
                            13.875561,
                            50.998705
                        ],
                        [
                            13.875287,
                            50.999218
                        ],
                        [
                            13.874648,
                            50.999811
                        ],
                        [
                            13.873902,
                            51.000007
                        ],
                        [
                            13.873036,
                            51.000522
                        ],
                        [
                            13.871707,
                            51.001394
                        ],
                        [
                            13.870952,
                            51.001961
                        ],
                        [
                            13.869948,
                            51.002887
                        ],
                        [
                            13.868907,
                            51.00426
                        ],
                        [
                            13.868638,
                            51.004876
                        ],
                        [
                            13.868259,
                            51.005457
                        ],
                        [
                            13.867527,
                            51.006473
                        ],
                        [
                            13.867131,
                            51.007117
                        ],
                        [
                            13.86676,
                            51.007604
                        ],
                        [
                            13.866509,
                            51.008062
                        ],
                        [
                            13.866431,
                            51.008613
                        ],
                        [
                            13.864828,
                            51.009582
                        ],
                        [
                            13.86315,
                            51.010443
                        ],
                        [
                            13.86163,
                            51.011108
                        ],
                        [
                            13.861079,
                            51.011292
                        ],
                        [
                            13.858657,
                            51.01203
                        ],
                        [
                            13.857928,
                            51.012236
                        ],
                        [
                            13.856934,
                            51.012596
                        ],
                        [
                            13.855744,
                            51.013121
                        ],
                        [
                            13.853973,
                            51.014004
                        ],
                        [
                            13.852112,
                            51.015028
                        ],
                        [
                            13.850724,
                            51.015849
                        ],
                        [
                            13.849286,
                            51.016771
                        ],
                        [
                            13.847996,
                            51.017797
                        ],
                        [
                            13.847397,
                            51.018351
                        ],
                        [
                            13.84674,
                            51.018835
                        ],
                        [
                            13.844978,
                            51.020275
                        ],
                        [
                            13.844366,
                            51.020848
                        ],
                        [
                            13.843692,
                            51.021571
                        ],
                        [
                            13.842626,
                            51.022771
                        ],
                        [
                            13.842227,
                            51.023468
                        ],
                        [
                            13.841556,
                            51.024484
                        ],
                        [
                            13.841086,
                            51.025607
                        ],
                        [
                            13.840579,
                            51.027158
                        ],
                        [
                            13.840031,
                            51.029545
                        ],
                        [
                            13.839697,
                            51.030551
                        ],
                        [
                            13.839216,
                            51.031192
                        ],
                        [
                            13.83863,
                            51.031788
                        ],
                        [
                            13.838244,
                            51.03227
                        ],
                        [
                            13.837766,
                            51.032767
                        ],
                        [
                            13.837097,
                            51.033276
                        ],
                        [
                            13.835483,
                            51.03431
                        ],
                        [
                            13.834818,
                            51.034684
                        ],
                        [
                            13.833534,
                            51.035242
                        ],
                        [
                            13.832567,
                            51.035615
                        ]
                    ]
                ]
            },
            "properties": {
                "bez": "Loschwitz",
                "flaeche_km2": 68.79780000000001,
                "sst": null,
                "sst_klar": null,
                "historie": "akt",
                "aend": "20.03.2025 00:00:00"
            },
            "id": "Loschwitz"
        },
        {
            "type": "Feature",
            "geometry": {
                "type": "Polygon",
                "coordinates": [
                    [
                        [
                            13.883442,
                            51.073285
                        ],
                        [
                            13.883425,
                            51.072737
                        ],
                        [
                            13.884374,
                            51.072465
                        ],
                        [
                            13.884331,
                            51.072109
                        ],
                        [
                            13.884693,
                            51.072043
                        ],
                        [
                            13.885785,
                            51.071681
                        ],
                        [
                            13.885798,
                            51.071286
                        ],
                        [
                            13.886443,
                            51.071454
                        ],
                        [
                            13.887888,
                            51.070988
                        ],
                        [
                            13.889973,
                            51.070625
                        ],
                        [
                            13.892836,
                            51.070021
                        ],
                        [
                            13.893326,
                            51.069962
                        ],
                        [
                            13.894507,
                            51.070006
                        ],
                        [
                            13.895448,
                            51.069957
                        ],
                        [
                            13.895981,
                            51.069989
                        ],
                        [
                            13.897164,
                            51.070162
                        ],
                        [
                            13.898243,
                            51.070155
                        ],
                        [
                            13.899309,
                            51.070202
                        ],
                        [
                            13.899838,
                            51.070104
                        ],
                        [
                            13.901402,
                            51.069717
                        ],
                        [
                            13.902407,
                            51.069371
                        ],
                        [
                            13.902906,
                            51.069557
                        ],
                        [
                            13.903286,
                            51.069413
                        ],
                        [
                            13.903701,
                            51.069455
                        ],
                        [
                            13.903645,
                            51.069225
                        ],
                        [
                            13.904441,
                            51.069176
                        ],
                        [
                            13.904561,
                            51.069033
                        ],
                        [
                            13.904498,
                            51.068757
                        ],
                        [
                            13.904826,
                            51.068696
                        ],
                        [
                            13.905105,
                            51.068799
                        ],
                        [
                            13.905658,
                            51.068604
                        ],
                        [
                            13.907764,
                            51.068601
                        ],
                        [
                            13.909376,
                            51.068661
                        ],
                        [
                            13.910216,
                            51.068599
                        ],
                        [
                            13.910772,
                            51.068394
                        ],
                        [
                            13.911571,
                            51.068545
                        ],
                        [
                            13.911271,
                            51.068094
                        ],
                        [
                            13.911583,
                            51.067882
                        ],
                        [
                            13.912411,
                            51.067113
                        ],
                        [
                            13.912716,
                            51.066945
                        ],
                        [
                            13.914428,
                            51.066375
                        ],
                        [
                            13.916278,
                            51.065937
                        ],
                        [
                            13.917081,
                            51.065655
                        ],
                        [
                            13.918729,
                            51.064957
                        ],
                        [
                            13.919835,
                            51.064623
                        ],
                        [
                            13.918911,
                            51.063858
                        ],
                        [
                            13.917984,
                            51.063362
                        ],
                        [
                            13.919085,
                            51.063005
                        ],
                        [
                            13.919683,
                            51.062869
                        ],
                        [
                            13.919406,
                            51.062518
                        ],
                        [
                            13.92021,
                            51.061622
                        ],
                        [
                            13.921899,
                            51.062234
                        ],
                        [
                            13.923556,
                            51.062976
                        ],
                        [
                            13.924206,
                            51.062592
                        ],
                        [
                            13.923806,
                            51.062343
                        ],
                        [
                            13.922924,
                            51.061948
                        ],
                        [
                            13.922032,
                            51.061481
                        ],
                        [
                            13.922337,
                            51.060977
                        ],
                        [
                            13.923002,
                            51.06108
                        ],
                        [
                            13.924505,
                            51.0616
                        ],
                        [
                            13.924989,
                            51.061485
                        ],
                        [
                            13.925523,
                            51.061488
                        ],
                        [
                            13.925918,
                            51.0618
                        ],
                        [
                            13.926107,
                            51.06205
                        ],
                        [
                            13.927236,
                            51.061983
                        ],
                        [
                            13.928001,
                            51.062124
                        ],
                        [
                            13.92849,
                            51.062065
                        ],
                        [
                            13.929107,
                            51.062153
                        ],
                        [
                            13.930731,
                            51.061858
                        ],
                        [
                            13.932182,
                            51.061773
                        ],
                        [
                            13.932678,
                            51.062002
                        ],
                        [
                            13.933921,
                            51.06207
                        ],
                        [
                            13.934005,
                            51.06218
                        ],
                        [
                            13.933745,
                            51.062653
                        ],
                        [
                            13.933704,
                            51.063191
                        ],
                        [
                            13.934247,
                            51.063137
                        ],
                        [
                            13.934179,
                            51.063356
                        ],
                        [
                            13.934575,
                            51.063497
                        ],
                        [
                            13.935189,
                            51.063553
                        ],
                        [
                            13.941057,
                            51.063692
                        ],
                        [
                            13.941953,
                            51.063838
                        ],
                        [
                            13.942359,
                            51.063848
                        ],
                        [
                            13.94353,
                            51.064867
                        ],
                        [
                            13.942959,
                            51.065037
                        ],
                        [
                            13.942245,
                            51.06535
                        ],
                        [
                            13.941897,
                            51.065385
                        ],
                        [
                            13.941338,
                            51.06572
                        ],
                        [
                            13.940664,
                            51.066237
                        ],
                        [
                            13.939981,
                            51.066407
                        ],
                        [
                            13.938795,
                            51.065388
                        ],
                        [
                            13.937754,
                            51.065935
                        ],
                        [
                            13.938689,
                            51.066725
                        ],
                        [
                            13.936901,
                            51.067273
                        ],
                        [
                            13.936467,
                            51.067465
                        ],
                        [
                            13.937369,
                            51.068097
                        ],
                        [
                            13.938101,
                            51.068895
                        ],
                        [
                            13.938698,
                            51.069627
                        ],
                        [
                            13.939721,
                            51.070749
                        ],
                        [
                            13.941536,
                            51.073018
                        ],
                        [
                            13.943658,
                            51.072177
                        ],
                        [
                            13.944387,
                            51.072793
                        ],
                        [
                            13.944943,
                            51.072574
                        ],
                        [
                            13.94771,
                            51.072938
                        ],
                        [
                            13.949166,
                            51.0731
                        ],
                        [
                            13.949898,
                            51.073269
                        ],
                        [
                            13.949753,
                            51.073653
                        ],
                        [
                            13.950678,
                            51.073906
                        ],
                        [
                            13.951499,
                            51.07404
                        ],
                        [
                            13.952535,
                            51.073984
                        ],
                        [
                            13.95345,
                            51.073891
                        ],
                        [
                            13.953581,
                            51.073477
                        ],
                        [
                            13.953592,
                            51.072806
                        ],
                        [
                            13.953679,
                            51.072145
                        ],
                        [
                            13.95385,
                            51.071537
                        ],
                        [
                            13.953026,
                            51.07191
                        ],
                        [
                            13.952422,
                            51.072234
                        ],
                        [
                            13.952611,
                            51.071048
                        ],
                        [
                            13.952664,
                            51.069863
                        ],
                        [
                            13.953216,
                            51.069028
                        ],
                        [
                            13.954446,
                            51.069575
                        ],
                        [
                            13.95519,
                            51.068827
                        ],
                        [
                            13.956573,
                            51.068035
                        ],
                        [
                            13.958533,
                            51.066832
                        ],
                        [
                            13.960514,
                            51.065464
                        ],
                        [
                            13.961884,
                            51.064404
                        ],
                        [
                            13.960226,
                            51.064449
                        ],
                        [
                            13.959528,
                            51.064846
                        ],
                        [
                            13.957978,
                            51.065892
                        ],
                        [
                            13.956871,
                            51.06675
                        ],
                        [
                            13.956341,
                            51.066471
                        ],
                        [
                            13.957609,
                            51.065539
                        ],
                        [
                            13.958414,
                            51.065003
                        ],
                        [
                            13.959124,
                            51.064479
                        ],
                        [
                            13.95832,
                            51.064376
                        ],
                        [
                            13.96205,
                            51.064267
                        ],
                        [
                            13.963412,
                            51.063286
                        ],
                        [
                            13.964021,
                            51.062791
                        ],
                        [
                            13.965297,
                            51.061862
                        ],
                        [
                            13.965724,
                            51.061592
                        ],
                        [
                            13.96446,
                            51.06155
                        ],
                        [
                            13.963218,
                            51.061446
                        ],
                        [
                            13.962364,
                            51.061298
                        ],
                        [
                            13.961363,
                            51.060993
                        ],
                        [
                            13.961934,
                            51.060262
                        ],
                        [
                            13.962824,
                            51.058697
                        ],
                        [
                            13.964184,
                            51.057264
                        ],
                        [
                            13.965204,
                            51.056473
                        ],
                        [
                            13.966059,
                            51.054814
                        ],
                        [
                            13.964633,
                            51.054363
                        ],
                        [
                            13.964599,
                            51.054438
                        ],
                        [
                            13.963612,
                            51.053992
                        ],
                        [
                            13.962959,
                            51.053484
                        ],
                        [
                            13.961788,
                            51.052362
                        ],
                        [
                            13.961568,
                            51.052221
                        ],
                        [
                            13.960952,
                            51.052379
                        ],
                        [
                            13.960233,
                            51.052701
                        ],
                        [
                            13.959963,
                            51.052035
                        ],
                        [
                            13.960029,
                            51.051504
                        ],
                        [
                            13.959954,
                            51.050201
                        ],
                        [
                            13.960273,
                            51.049977
                        ],
                        [
                            13.9604,
                            51.049617
                        ],
                        [
                            13.96091,
                            51.049426
                        ],
                        [
                            13.961075,
                            51.049071
                        ],
                        [
                            13.961478,
                            51.049195
                        ],
                        [
                            13.96196,
                            51.048753
                        ],
                        [
                            13.962413,
                            51.048829
                        ],
                        [
                            13.963078,
                            51.04831
                        ],
                        [
                            13.96312,
                            51.047985
                        ],
                        [
                            13.963601,
                            51.047933
                        ],
                        [
                            13.963824,
                            51.04773
                        ],
                        [
                            13.964269,
                            51.047507
                        ],
                        [
                            13.96533,
                            51.047388
                        ],
                        [
                            13.964096,
                            51.046128
                        ],
                        [
                            13.963184,
                            51.044975
                        ],
                        [
                            13.962759,
                            51.044668
                        ],
                        [
                            13.962215,
                            51.044125
                        ],
                        [
                            13.962318,
                            51.043466
                        ],
                        [
                            13.962289,
                            51.042905
                        ],
                        [
                            13.961881,
                            51.041926
                        ],
                        [
                            13.961667,
                            51.041138
                        ],
                        [
                            13.961622,
                            51.039478
                        ],
                        [
                            13.961768,
                            51.038509
                        ],
                        [
                            13.961952,
                            51.037797
                        ],
                        [
                            13.962433,
                            51.036297
                        ],
                        [
                            13.962574,
                            51.035399
                        ],
                        [
                            13.962714,
                            51.034097
                        ],
                        [
                            13.962794,
                            51.032334
                        ],
                        [
                            13.962724,
                            51.031804
                        ],
                        [
                            13.962775,
                            51.031423
                        ],
                        [
                            13.962503,
                            51.031315
                        ],
                        [
                            13.960919,
                            51.031347
                        ],
                        [
                            13.960462,
                            51.031299
                        ],
                        [
                            13.959951,
                            51.031099
                        ],
                        [
                            13.959499,
                            51.0308
                        ],
                        [
                            13.959282,
                            51.030383
                        ],
                        [
                            13.959403,
                            51.030248
                        ],
                        [
                            13.958529,
                            51.029933
                        ],
                        [
                            13.957945,
                            51.029397
                        ],
                        [
                            13.958083,
                            51.028945
                        ],
                        [
                            13.957945,
                            51.028784
                        ],
                        [
                            13.957209,
                            51.028433
                        ],
                        [
                            13.957169,
                            51.028223
                        ],
                        [
                            13.957308,
                            51.02788
                        ],
                        [
                            13.957635,
                            51.027407
                        ],
                        [
                            13.957687,
                            51.027097
                        ],
                        [
                            13.957411,
                            51.026959
                        ],
                        [
                            13.95675,
                            51.026783
                        ],
                        [
                            13.956384,
                            51.02678
                        ],
                        [
                            13.956062,
                            51.026396
                        ],
                        [
                            13.955427,
                            51.026338
                        ],
                        [
                            13.955288,
                            51.026126
                        ],
                        [
                            13.955034,
                            51.026073
                        ],
                        [
                            13.954523,
                            51.02631
                        ],
                        [
                            13.954022,
                            51.026443
                        ],
                        [
                            13.953568,
                            51.026486
                        ],
                        [
                            13.95298,
                            51.026165
                        ],
                        [
                            13.952483,
                            51.026126
                        ],
                        [
                            13.950978,
                            51.026377
                        ],
                        [
                            13.950168,
                            51.026424
                        ],
                        [
                            13.94955,
                            51.026358
                        ],
                        [
                            13.948468,
                            51.026329
                        ],
                        [
                            13.947982,
                            51.026159
                        ],
                        [
                            13.946743,
                            51.025946
                        ],
                        [
                            13.946195,
                            51.025699
                        ],
                        [
                            13.94522,
                            51.025571
                        ],
                        [
                            13.944467,
                            51.025126
                        ],
                        [
                            13.944088,
                            51.025002
                        ],
                        [
                            13.944141,
                            51.024565
                        ],
                        [
                            13.943873,
                            51.024306
                        ],
                        [
                            13.943425,
                            51.024227
                        ],
                        [
                            13.942824,
                            51.023849
                        ],
                        [
                            13.942538,
                            51.023419
                        ],
                        [
                            13.942243,
                            51.023254
                        ],
                        [
                            13.941677,
                            51.022771
                        ],
                        [
                            13.94069,
                            51.022557
                        ],
                        [
                            13.940668,
                            51.022364
                        ],
                        [
                            13.940313,
                            51.022022
                        ],
                        [
                            13.940092,
                            51.021688
                        ],
                        [
                            13.939554,
                            51.02032
                        ],
                        [
                            13.93947,
                            51.019917
                        ],
                        [
                            13.93875,
                            51.019919
                        ],
                        [
                            13.938945,
                            51.019746
                        ],
                        [
                            13.939301,
                            51.019094
                        ],
                        [
                            13.93944,
                            51.019012
                        ],
                        [
                            13.939241,
                            51.018621
                        ],
                        [
                            13.939389,
                            51.018473
                        ],
                        [
                            13.939271,
                            51.018274
                        ],
                        [
                            13.938891,
                            51.018028
                        ],
                        [
                            13.938938,
                            51.01735
                        ],
                        [
                            13.939181,
                            51.017064
                        ],
                        [
                            13.939028,
                            51.01686
                        ],
                        [
                            13.939287,
                            51.016434
                        ],
                        [
                            13.93912,
                            51.016087
                        ],
                        [
                            13.938813,
                            51.015944
                        ],
                        [
                            13.938496,
                            51.015436
                        ],
                        [
                            13.938175,
                            51.015414
                        ],
                        [
                            13.937942,
                            51.015194
                        ],
                        [
                            13.937514,
                            51.015199
                        ],
                        [
                            13.937183,
                            51.01558
                        ],
                        [
                            13.936216,
                            51.01639
                        ],
                        [
                            13.935832,
                            51.016792
                        ],
                        [
                            13.935383,
                            51.017379
                        ],
                        [
                            13.934151,
                            51.017404
                        ],
                        [
                            13.932439,
                            51.017164
                        ],
                        [
                            13.931776,
                            51.017126
                        ],
                        [
                            13.931364,
                            51.01781
                        ],
                        [
                            13.931009,
                            51.01771
                        ],
                        [
                            13.930489,
                            51.017428
                        ],
                        [
                            13.930233,
                            51.017161
                        ],
                        [
                            13.929443,
                            51.016516
                        ],
                        [
                            13.929135,
                            51.016135
                        ],
                        [
                            13.928668,
                            51.015725
                        ],
                        [
                            13.927761,
                            51.015101
                        ],
                        [
                            13.92726,
                            51.014358
                        ],
                        [
                            13.92663,
                            51.01402
                        ],
                        [
                            13.925726,
                            51.014143
                        ],
                        [
                            13.924863,
                            51.013935
                        ],
                        [
                            13.924748,
                            51.013647
                        ],
                        [
                            13.924261,
                            51.013477
                        ],
                        [
                            13.922647,
                            51.013219
                        ],
                        [
                            13.922466,
                            51.01346
                        ],
                        [
                            13.922276,
                            51.01402
                        ],
                        [
                            13.921856,
                            51.013958
                        ],
                        [
                            13.921607,
                            51.014306
                        ],
                        [
                            13.92103,
                            51.014074
                        ],
                        [
                            13.920885,
                            51.01385
                        ],
                        [
                            13.920166,
                            51.013128
                        ],
                        [
                            13.919442,
                            51.013404
                        ],
                        [
                            13.919009,
                            51.013166
                        ],
                        [
                            13.91894,
                            51.013358
                        ],
                        [
                            13.918649,
                            51.013476
                        ],
                        [
                            13.918142,
                            51.01401
                        ],
                        [
                            13.917344,
                            51.014591
                        ],
                        [
                            13.917108,
                            51.014926
                        ],
                        [
                            13.917011,
                            51.015354
                        ],
                        [
                            13.916666,
                            51.015904
                        ],
                        [
                            13.916029,
                            51.016213
                        ],
                        [
                            13.915715,
                            51.016176
                        ],
                        [
                            13.914365,
                            51.016284
                        ],
                        [
                            13.913359,
                            51.016487
                        ],
                        [
                            13.91212,
                            51.016822
                        ],
                        [
                            13.911017,
                            51.0149
                        ],
                        [
                            13.91105,
                            51.014524
                        ],
                        [
                            13.910696,
                            51.014159
                        ],
                        [
                            13.910305,
                            51.01395
                        ],
                        [
                            13.911209,
                            51.013067
                        ],
                        [
                            13.91084,
                            51.012856
                        ],
                        [
                            13.910154,
                            51.012756
                        ],
                        [
                            13.908674,
                            51.012731
                        ],
                        [
                            13.907765,
                            51.01286
                        ],
                        [
                            13.907649,
                            51.012525
                        ],
                        [
                            13.907853,
                            51.012303
                        ],
                        [
                            13.907912,
                            51.01202
                        ],
                        [
                            13.908186,
                            51.011635
                        ],
                        [
                            13.907892,
                            51.01141
                        ],
                        [
                            13.907365,
                            51.011702
                        ],
                        [
                            13.906795,
                            51.011939
                        ],
                        [
                            13.90622,
                            51.01188
                        ],
                        [
                            13.905824,
                            51.012341
                        ],
                        [
                            13.905592,
                            51.012466
                        ],
                        [
                            13.904336,
                            51.012394
                        ],
                        [
                            13.903851,
                            51.012296
                        ],
                        [
                            13.90295,
                            51.0123
                        ],
                        [
                            13.902224,
                            51.012078
                        ],
                        [
                            13.902037,
                            51.011944
                        ],
                        [
                            13.90192,
                            51.011487
                        ],
                        [
                            13.901722,
                            51.011066
                        ],
                        [
                            13.902648,
                            51.010838
                        ],
                        [
                            13.903358,
                            51.010725
                        ],
                        [
                            13.903068,
                            51.010488
                        ],
                        [
                            13.902584,
                            51.010408
                        ],
                        [
                            13.901465,
                            51.010732
                        ],
                        [
                            13.901175,
                            51.010251
                        ],
                        [
                            13.900979,
                            51.009694
                        ],
                        [
                            13.89849,
                            51.010127
                        ],
                        [
                            13.897467,
                            51.010266
                        ],
                        [
                            13.896202,
                            51.01052
                        ],
                        [
                            13.895373,
                            51.010833
                        ],
                        [
                            13.895098,
                            51.010863
                        ],
                        [
                            13.894919,
                            51.010578
                        ],
                        [
                            13.893465,
                            51.010718
                        ],
                        [
                            13.893637,
                            51.011054
                        ],
                        [
                            13.893189,
                            51.011119
                        ],
                        [
                            13.892878,
                            51.01127
                        ],
                        [
                            13.893089,
                            51.011491
                        ],
                        [
                            13.89235,
                            51.011794
                        ],
                        [
                            13.892528,
                            51.012301
                        ],
                        [
                            13.890521,
                            51.012895
                        ],
                        [
                            13.890508,
                            51.012985
                        ],
                        [
                            13.889865,
                            51.013081
                        ],
                        [
                            13.888929,
                            51.015286
                        ],
                        [
                            13.88872,
                            51.01547
                        ],
                        [
                            13.889076,
                            51.015934
                        ],
                        [
                            13.889451,
                            51.016089
                        ],
                        [
                            13.890274,
                            51.01682
                        ],
                        [
                            13.889959,
                            51.0173
                        ],
                        [
                            13.889965,
                            51.017589
                        ],
                        [
                            13.889641,
                            51.018114
                        ],
                        [
                            13.889075,
                            51.017908
                        ],
                        [
                            13.887705,
                            51.01791
                        ],
                        [
                            13.887053,
                            51.018029
                        ],
                        [
                            13.886461,
                            51.01797
                        ],
                        [
                            13.885952,
                            51.017838
                        ],
                        [
                            13.885475,
                            51.017849
                        ],
                        [
                            13.885253,
                            51.017967
                        ],
                        [
                            13.884955,
                            51.017849
                        ],
                        [
                            13.88414,
                            51.017803
                        ],
                        [
                            13.883506,
                            51.017817
                        ],
                        [
                            13.883357,
                            51.017722
                        ],
                        [
                            13.883188,
                            51.017227
                        ],
                        [
                            13.882768,
                            51.017036
                        ],
                        [
                            13.882604,
                            51.016832
                        ],
                        [
                            13.882031,
                            51.01672
                        ],
                        [
                            13.881272,
                            51.016814
                        ],
                        [
                            13.880836,
                            51.016927
                        ],
                        [
                            13.879762,
                            51.016639
                        ],
                        [
                            13.879304,
                            51.016681
                        ],
                        [
                            13.878948,
                            51.016488
                        ],
                        [
                            13.878278,
                            51.016299
                        ],
                        [
                            13.878018,
                            51.01671
                        ],
                        [
                            13.877073,
                            51.017308
                        ],
                        [
                            13.876462,
                            51.017861
                        ],
                        [
                            13.875913,
                            51.01757
                        ],
                        [
                            13.875727,
                            51.017223
                        ],
                        [
                            13.875207,
                            51.016737
                        ],
                        [
                            13.875066,
                            51.016747
                        ],
                        [
                            13.87444,
                            51.016339
                        ],
                        [
                            13.874421,
                            51.015634
                        ],
                        [
                            13.87397,
                            51.015432
                        ],
                        [
                            13.873428,
                            51.015329
                        ],
                        [
                            13.872611,
                            51.015574
                        ],
                        [
                            13.871712,
                            51.016146
                        ],
                        [
                            13.871653,
                            51.016307
                        ],
                        [
                            13.871,
                            51.01658
                        ],
                        [
                            13.871117,
                            51.017171
                        ],
                        [
                            13.870941,
                            51.017301
                        ],
                        [
                            13.870207,
                            51.017513
                        ],
                        [
                            13.869939,
                            51.017349
                        ],
                        [
                            13.869546,
                            51.017343
                        ],
                        [
                            13.869196,
                            51.017582
                        ],
                        [
                            13.86941,
                            51.017818
                        ],
                        [
                            13.868967,
                            51.017999
                        ],
                        [
                            13.868363,
                            51.017982
                        ],
                        [
                            13.867966,
                            51.018247
                        ],
                        [
                            13.867968,
                            51.018458
                        ],
                        [
                            13.867252,
                            51.019088
                        ],
                        [
                            13.867538,
                            51.019524
                        ],
                        [
                            13.867471,
                            51.019778
                        ],
                        [
                            13.86764,
                            51.019921
                        ],
                        [
                            13.866909,
                            51.020494
                        ],
                        [
                            13.866415,
                            51.021222
                        ],
                        [
                            13.86488,
                            51.021175
                        ],
                        [
                            13.864298,
                            51.020963
                        ],
                        [
                            13.863598,
                            51.02134
                        ],
                        [
                            13.863192,
                            51.021616
                        ],
                        [
                            13.862381,
                            51.022068
                        ],
                        [
                            13.861875,
                            51.022405
                        ],
                        [
                            13.861471,
                            51.022583
                        ],
                        [
                            13.861088,
                            51.023
                        ],
                        [
                            13.860366,
                            51.023359
                        ],
                        [
                            13.859496,
                            51.023878
                        ],
                        [
                            13.858764,
                            51.024113
                        ],
                        [
                            13.857806,
                            51.024692
                        ],
                        [
                            13.856693,
                            51.025893
                        ],
                        [
                            13.856148,
                            51.026567
                        ],
                        [
                            13.855652,
                            51.026686
                        ],
                        [
                            13.855015,
                            51.026991
                        ],
                        [
                            13.854517,
                            51.027387
                        ],
                        [
                            13.854881,
                            51.027594
                        ],
                        [
                            13.854796,
                            51.02777
                        ],
                        [
                            13.853978,
                            51.02767
                        ],
                        [
                            13.853047,
                            51.027403
                        ],
                        [
                            13.852303,
                            51.027336
                        ],
                        [
                            13.852013,
                            51.027419
                        ],
                        [
                            13.852404,
                            51.027738
                        ],
                        [
                            13.851987,
                            51.027995
                        ],
                        [
                            13.851965,
                            51.028153
                        ],
                        [
                            13.851281,
                            51.027967
                        ],
                        [
                            13.85113,
                            51.028118
                        ],
                        [
                            13.850988,
                            51.028668
                        ],
                        [
                            13.850537,
                            51.029151
                        ],
                        [
                            13.850456,
                            51.029414
                        ],
                        [
                            13.850765,
                            51.030028
                        ],
                        [
                            13.851174,
                            51.030329
                        ],
                        [
                            13.850338,
                            51.030611
                        ],
                        [
                            13.849115,
                            51.030805
                        ],
                        [
                            13.848896,
                            51.030892
                        ],
                        [
                            13.848182,
                            51.031562
                        ],
                        [
                            13.847776,
                            51.031841
                        ],
                        [
                            13.847549,
                            51.03222
                        ],
                        [
                            13.847277,
                            51.032375
                        ],
                        [
                            13.847275,
                            51.032613
                        ],
                        [
                            13.846844,
                            51.032863
                        ],
                        [
                            13.846701,
                            51.03318
                        ],
                        [
                            13.847339,
                            51.033373
                        ],
                        [
                            13.847865,
                            51.033667
                        ],
                        [
                            13.848066,
                            51.033689
                        ],
                        [
                            13.848012,
                            51.034472
                        ],
                        [
                            13.846844,
                            51.034287
                        ],
                        [
                            13.846355,
                            51.03393
                        ],
                        [
                            13.845865,
                            51.033879
                        ],
                        [
                            13.845337,
                            51.03373
                        ],
                        [
                            13.84486,
                            51.033512
                        ],
                        [
                            13.844315,
                            51.033034
                        ],
                        [
                            13.8437,
                            51.032883
                        ],
                        [
                            13.843631,
                            51.033046
                        ],
                        [
                            13.84316,
                            51.033121
                        ],
                        [
                            13.842449,
                            51.03339
                        ],
                        [
                            13.841994,
                            51.03371
                        ],
                        [
                            13.842938,
                            51.03411
                        ],
                        [
                            13.843519,
                            51.034683
                        ],
                        [
                            13.843107,
                            51.03476
                        ],
                        [
                            13.843089,
                            51.035219
                        ],
                        [
                            13.843172,
                            51.035385
                        ],
                        [
                            13.842919,
                            51.035568
                        ],
                        [
                            13.841538,
                            51.035236
                        ],
                        [
                            13.84109,
                            51.035307
                        ],
                        [
                            13.841403,
                            51.03573
                        ],
                        [
                            13.841946,
                            51.036031
                        ],
                        [
                            13.841365,
                            51.036661
                        ],
                        [
                            13.840653,
                            51.036402
                        ],
                        [
                            13.840246,
                            51.036463
                        ],
                        [
                            13.840918,
                            51.037013
                        ],
                        [
                            13.84113,
                            51.037098
                        ],
                        [
                            13.841872,
                            51.037208
                        ],
                        [
                            13.842714,
                            51.037913
                        ],
                        [
                            13.842514,
                            51.038022
                        ],
                        [
                            13.842969,
                            51.038258
                        ],
                        [
                            13.843715,
                            51.038511
                        ],
                        [
                            13.844506,
                            51.038864
                        ],
                        [
                            13.843956,
                            51.039286
                        ],
                        [
                            13.844256,
                            51.039576
                        ],
                        [
                            13.843791,
                            51.039914
                        ],
                        [
                            13.844715,
                            51.040402
                        ],
                        [
                            13.844424,
                            51.040599
                        ],
                        [
                            13.844152,
                            51.040986
                        ],
                        [
                            13.843148,
                            51.042015
                        ],
                        [
                            13.842606,
                            51.042374
                        ],
                        [
                            13.842161,
                            51.042595
                        ],
                        [
                            13.841767,
                            51.04301
                        ],
                        [
                            13.842128,
                            51.043122
                        ],
                        [
                            13.842472,
                            51.043056
                        ],
                        [
                            13.842883,
                            51.042796
                        ],
                        [
                            13.843402,
                            51.043151
                        ],
                        [
                            13.844049,
                            51.043093
                        ],
                        [
                            13.843856,
                            51.043437
                        ],
                        [
                            13.844453,
                            51.043738
                        ],
                        [
                            13.845085,
                            51.04394
                        ],
                        [
                            13.845886,
                            51.043993
                        ],
                        [
                            13.84656,
                            51.04418
                        ],
                        [
                            13.846962,
                            51.044399
                        ],
                        [
                            13.847564,
                            51.044452
                        ],
                        [
                            13.847899,
                            51.044562
                        ],
                        [
                            13.848443,
                            51.044505
                        ],
                        [
                            13.848497,
                            51.044315
                        ],
                        [
                            13.849053,
                            51.0441
                        ],
                        [
                            13.849767,
                            51.044249
                        ],
                        [
                            13.850196,
                            51.044176
                        ],
                        [
                            13.850332,
                            51.044382
                        ],
                        [
                            13.850752,
                            51.044669
                        ],
                        [
                            13.85103,
                            51.04538
                        ],
                        [
                            13.851391,
                            51.045574
                        ],
                        [
                            13.851477,
                            51.045739
                        ],
                        [
                            13.852454,
                            51.046061
                        ],
                        [
                            13.852903,
                            51.046409
                        ],
                        [
                            13.853409,
                            51.046914
                        ],
                        [
                            13.853684,
                            51.04709
                        ],
                        [
                            13.854707,
                            51.047308
                        ],
                        [
                            13.855147,
                            51.047692
                        ],
                        [
                            13.855367,
                            51.047659
                        ],
                        [
                            13.855781,
                            51.04783
                        ],
                        [
                            13.856348,
                            51.047763
                        ],
                        [
                            13.857128,
                            51.048075
                        ],
                        [
                            13.857534,
                            51.048136
                        ],
                        [
                            13.858021,
                            51.048331
                        ],
                        [
                            13.858099,
                            51.0485
                        ],
                        [
                            13.858566,
                            51.048602
                        ],
                        [
                            13.85868,
                            51.048799
                        ],
                        [
                            13.859539,
                            51.049123
                        ],
                        [
                            13.859655,
                            51.049346
                        ],
                        [
                            13.860002,
                            51.049515
                        ],
                        [
                            13.860793,
                            51.049635
                        ],
                        [
                            13.861018,
                            51.049449
                        ],
                        [
                            13.861755,
                            51.049357
                        ],
                        [
                            13.862115,
                            51.04922
                        ],
                        [
                            13.862474,
                            51.049266
                        ],
                        [
                            13.86354,
                            51.049094
                        ],
                        [
                            13.863777,
                            51.049471
                        ],
                        [
                            13.864744,
                            51.050779
                        ],
                        [
                            13.866157,
                            51.050798
                        ],
                        [
                            13.866448,
                            51.050831
                        ],
                        [
                            13.867592,
                            51.051874
                        ],
                        [
                            13.868161,
                            51.052281
                        ],
                        [
                            13.868668,
                            51.052011
                        ],
                        [
                            13.869604,
                            51.052985
                        ],
                        [
                            13.868988,
                            51.053255
                        ],
                        [
                            13.870039,
                            51.054452
                        ],
                        [
                            13.870484,
                            51.055346
                        ],
                        [
                            13.87053,
                            51.05564
                        ],
                        [
                            13.870464,
                            51.056888
                        ],
                        [
                            13.870506,
                            51.057285
                        ],
                        [
                            13.870671,
                            51.057769
                        ],
                        [
                            13.870693,
                            51.058279
                        ],
                        [
                            13.870918,
                            51.059037
                        ],
                        [
                            13.870929,
                            51.059397
                        ],
                        [
                            13.870805,
                            51.059769
                        ],
                        [
                            13.870452,
                            51.060376
                        ],
                        [
                            13.870052,
                            51.061342
                        ],
                        [
                            13.869263,
                            51.062961
                        ],
                        [
                            13.868818,
                            51.063745
                        ],
                        [
                            13.86843,
                            51.06433
                        ],
                        [
                            13.867197,
                            51.065773
                        ],
                        [
                            13.866223,
                            51.066791
                        ],
                        [
                            13.867822,
                            51.06757
                        ],
                        [
                            13.869547,
                            51.068294
                        ],
                        [
                            13.870481,
                            51.068952
                        ],
                        [
                            13.87212,
                            51.06972
                        ],
                        [
                            13.875894,
                            51.071444
                        ],
                        [
                            13.876716,
                            51.070548
                        ],
                        [
                            13.877785,
                            51.07086
                        ],
                        [
                            13.877075,
                            51.071803
                        ],
                        [
                            13.878154,
                            51.072122
                        ],
                        [
                            13.878396,
                            51.071674
                        ],
                        [
                            13.87916,
                            51.071971
                        ],
                        [
                            13.879597,
                            51.071433
                        ],
                        [
                            13.880972,
                            51.071754
                        ],
                        [
                            13.880549,
                            51.072389
                        ],
                        [
                            13.881276,
                            51.072477
                        ],
                        [
                            13.88113,
                            51.072711
                        ],
                        [
                            13.881729,
                            51.072854
                        ],
                        [
                            13.88313,
                            51.073307
                        ],
                        [
                            13.883442,
                            51.073285
                        ]
                    ]
                ]
            },
            "properties": {
                "bez": "Schönfeld-Weißig",
                "flaeche_km2": 41.1873,
                "sst": null,
                "sst_klar": null,
                "historie": "akt",
                "aend": "20.03.2025 00:00:00"
            },
            "id": "Schönfeld-Weißig"
        },
        {
            "type": "Feature",
            "geometry": {
                "type": "Polygon",
                "coordinates": [
                    [
                        [
                            13.612269,
                            51.078336
                        ],
                        [
                            13.611744,
                            51.0783
                        ],
                        [
                            13.611295,
                            51.078151
                        ],
                        [
                            13.610954,
                            51.078215
                        ],
                        [
                            13.609856,
                            51.078268
                        ],
                        [
                            13.609804,
                            51.078351
                        ],
                        [
                            13.608781,
                            51.078103
                        ],
                        [
                            13.608484,
                            51.077973
                        ],
                        [
                            13.607754,
                            51.077248
                        ],
                        [
                            13.607676,
                            51.076963
                        ],
                        [
                            13.607844,
                            51.076559
                        ],
                        [
                            13.607545,
                            51.076312
                        ],
                        [
                            13.607681,
                            51.075909
                        ],
                        [
                            13.608043,
                            51.075668
                        ],
                        [
                            13.608284,
                            51.075777
                        ],
                        [
                            13.608883,
                            51.0758
                        ],
                        [
                            13.609188,
                            51.075414
                        ],
                        [
                            13.60916,
                            51.075112
                        ],
                        [
                            13.608962,
                            51.0749
                        ],
                        [
                            13.609778,
                            51.074525
                        ],
                        [
                            13.610223,
                            51.073887
                        ],
                        [
                            13.610227,
                            51.073543
                        ],
                        [
                            13.610017,
                            51.073418
                        ],
                        [
                            13.609694,
                            51.073017
                        ],
                        [
                            13.609181,
                            51.07291
                        ],
                        [
                            13.608746,
                            51.072724
                        ],
                        [
                            13.608434,
                            51.07269
                        ],
                        [
                            13.607918,
                            51.072491
                        ],
                        [
                            13.607333,
                            51.07253
                        ],
                        [
                            13.607069,
                            51.072858
                        ],
                        [
                            13.606752,
                            51.072807
                        ],
                        [
                            13.60638,
                            51.072612
                        ],
                        [
                            13.606189,
                            51.072389
                        ],
                        [
                            13.605315,
                            51.072386
                        ],
                        [
                            13.604963,
                            51.072302
                        ],
                        [
                            13.604725,
                            51.072121
                        ],
                        [
                            13.604327,
                            51.07199
                        ],
                        [
                            13.603658,
                            51.071542
                        ],
                        [
                            13.603246,
                            51.071374
                        ],
                        [
                            13.602903,
                            51.071423
                        ],
                        [
                            13.60247,
                            51.071233
                        ],
                        [
                            13.602099,
                            51.071341
                        ],
                        [
                            13.601586,
                            51.071383
                        ],
                        [
                            13.600924,
                            51.071247
                        ],
                        [
                            13.600793,
                            51.070901
                        ],
                        [
                            13.60026,
                            51.070949
                        ],
                        [
                            13.600018,
                            51.070455
                        ],
                        [
                            13.599833,
                            51.07037
                        ],
                        [
                            13.599845,
                            51.070011
                        ],
                        [
                            13.600045,
                            51.069785
                        ],
                        [
                            13.600004,
                            51.069557
                        ],
                        [
                            13.599671,
                            51.069233
                        ],
                        [
                            13.599476,
                            51.069206
                        ],
                        [
                            13.599299,
                            51.068866
                        ],
                        [
                            13.599393,
                            51.068548
                        ],
                        [
                            13.599246,
                            51.068478
                        ],
                        [
                            13.599168,
                            51.068125
                        ],
                        [
                            13.599019,
                            51.068016
                        ],
                        [
                            13.598442,
                            51.067966
                        ],
                        [
                            13.596332,
                            51.067932
                        ],
                        [
                            13.596147,
                            51.068083
                        ],
                        [
                            13.59132,
                            51.069204
                        ],
                        [
                            13.590242,
                            51.069887
                        ],
                        [
                            13.58939,
                            51.070162
                        ],
                        [
                            13.589557,
                            51.070831
                        ],
                        [
                            13.589698,
                            51.07104
                        ],
                        [
                            13.589608,
                            51.071568
                        ],
                        [
                            13.589839,
                            51.07176
                        ],
                        [
                            13.589883,
                            51.072002
                        ],
                        [
                            13.590479,
                            51.073618
                        ],
                        [
                            13.589385,
                            51.073891
                        ],
                        [
                            13.589142,
                            51.073996
                        ],
                        [
                            13.589028,
                            51.07428
                        ],
                        [
                            13.589059,
                            51.07474
                        ],
                        [
                            13.58927,
                            51.074985
                        ],
                        [
                            13.589098,
                            51.075615
                        ],
                        [
                            13.588699,
                            51.076035
                        ],
                        [
                            13.587765,
                            51.076469
                        ],
                        [
                            13.587822,
                            51.076886
                        ],
                        [
                            13.588245,
                            51.077348
                        ],
                        [
                            13.588703,
                            51.077522
                        ],
                        [
                            13.588623,
                            51.077662
                        ],
                        [
                            13.589244,
                            51.078038
                        ],
                        [
                            13.589662,
                            51.07821
                        ],
                        [
                            13.58972,
                            51.078542
                        ],
                        [
                            13.589242,
                            51.07882
                        ],
                        [
                            13.589577,
                            51.079447
                        ],
                        [
                            13.590864,
                            51.079295
                        ],
                        [
                            13.591955,
                            51.078862
                        ],
                        [
                            13.592461,
                            51.079255
                        ],
                        [
                            13.592758,
                            51.079185
                        ],
                        [
                            13.593244,
                            51.07946
                        ],
                        [
                            13.593251,
                            51.079744
                        ],
                        [
                            13.592993,
                            51.079991
                        ],
                        [
                            13.592946,
                            51.080293
                        ],
                        [
                            13.593134,
                            51.080553
                        ],
                        [
                            13.593555,
                            51.080802
                        ],
                        [
                            13.593634,
                            51.081319
                        ],
                        [
                            13.594129,
                            51.081742
                        ],
                        [
                            13.59487,
                            51.081703
                        ],
                        [
                            13.595076,
                            51.081805
                        ],
                        [
                            13.595075,
                            51.082101
                        ],
                        [
                            13.594881,
                            51.082399
                        ],
                        [
                            13.59508,
                            51.082511
                        ],
                        [
                            13.595008,
                            51.082905
                        ],
                        [
                            13.595283,
                            51.083064
                        ],
                        [
                            13.595391,
                            51.083306
                        ],
                        [
                            13.59574,
                            51.083523
                        ],
                        [
                            13.596198,
                            51.083662
                        ],
                        [
                            13.596729,
                            51.083933
                        ],
                        [
                            13.596717,
                            51.084137
                        ],
                        [
                            13.596953,
                            51.084284
                        ],
                        [
                            13.597593,
                            51.084515
                        ],
                        [
                            13.598016,
                            51.084898
                        ],
                        [
                            13.598127,
                            51.085194
                        ],
                        [
                            13.598988,
                            51.085311
                        ],
                        [
                            13.599084,
                            51.085406
                        ],
                        [
                            13.599469,
                            51.085212
                        ],
                        [
                            13.600422,
                            51.08453
                        ],
                        [
                            13.600801,
                            51.084021
                        ],
                        [
                            13.601255,
                            51.083843
                        ],
                        [
                            13.602475,
                            51.083708
                        ],
                        [
                            13.602664,
                            51.083944
                        ],
                        [
                            13.602546,
                            51.084205
                        ],
                        [
                            13.602514,
                            51.084623
                        ],
                        [
                            13.60239,
                            51.084877
                        ],
                        [
                            13.601396,
                            51.084944
                        ],
                        [
                            13.601283,
                            51.085165
                        ],
                        [
                            13.601692,
                            51.085373
                        ],
                        [
                            13.601714,
                            51.085664
                        ],
                        [
                            13.601504,
                            51.086124
                        ],
                        [
                            13.602357,
                            51.086169
                        ],
                        [
                            13.602328,
                            51.08656
                        ],
                        [
                            13.602149,
                            51.08691
                        ],
                        [
                            13.603128,
                            51.087015
                        ],
                        [
                            13.604386,
                            51.086918
                        ],
                        [
                            13.604228,
                            51.086339
                        ],
                        [
                            13.604236,
                            51.086076
                        ],
                        [
                            13.60456,
                            51.085743
                        ],
                        [
                            13.604734,
                            51.085712
                        ],
                        [
                            13.605223,
                            51.086385
                        ],
                        [
                            13.605378,
                            51.086457
                        ],
                        [
                            13.606528,
                            51.086575
                        ],
                        [
                            13.607171,
                            51.0851
                        ],
                        [
                            13.607942,
                            51.085232
                        ],
                        [
                            13.608239,
                            51.084577
                        ],
                        [
                            13.60776,
                            51.084378
                        ],
                        [
                            13.608695,
                            51.083762
                        ],
                        [
                            13.608821,
                            51.083882
                        ],
                        [
                            13.610103,
                            51.083298
                        ],
                        [
                            13.609781,
                            51.082993
                        ],
                        [
                            13.608935,
                            51.082026
                        ],
                        [
                            13.608426,
                            51.081856
                        ],
                        [
                            13.608439,
                            51.081297
                        ],
                        [
                            13.606972,
                            51.081262
                        ],
                        [
                            13.606948,
                            51.080222
                        ],
                        [
                            13.60672,
                            51.079774
                        ],
                        [
                            13.607823,
                            51.079427
                        ],
                        [
                            13.609528,
                            51.078703
                        ],
                        [
                            13.610563,
                            51.078549
                        ],
                        [
                            13.612021,
                            51.078658
                        ],
                        [
                            13.612269,
                            51.078336
                        ]
                    ]
                ]
            },
            "properties": {
                "bez": "Oberwartha",
                "flaeche_km2": 2.0438,
                "sst": null,
                "sst_klar": null,
                "historie": "akt",
                "aend": "20.03.2025 00:00:00"
            },
            "id": "Oberwartha"
        },
        {
            "type": "Feature",
            "geometry": {
                "type": "Polygon",
                "coordinates": [
                    [
                        [
                            13.787272,
                            51.063652
                        ],
                        [
                            13.787078,
                            51.062973
                        ],
                        [
                            13.787293,
                            51.06295
                        ],
                        [
                            13.787127,
                            51.062353
                        ],
                        [
                            13.786438,
                            51.060295
                        ],
                        [
                            13.786457,
                            51.060189
                        ],
                        [
                            13.786115,
                            51.059423
                        ],
                        [
                            13.785861,
                            51.058084
                        ],
                        [
                            13.785717,
                            51.05705
                        ],
                        [
                            13.78568,
                            51.053695
                        ],
                        [
                            13.782871,
                            51.0534
                        ],
                        [
                            13.77901,
                            51.053016
                        ],
                        [
                            13.777752,
                            51.052868
                        ],
                        [
                            13.777712,
                            51.052781
                        ],
                        [
                            13.776718,
                            51.051842
                        ],
                        [
                            13.774685,
                            51.049769
                        ],
                        [
                            13.774831,
                            51.049631
                        ],
                        [
                            13.773942,
                            51.04874
                        ],
                        [
                            13.773633,
                            51.048717
                        ],
                        [
                            13.772714,
                            51.047778
                        ],
                        [
                            13.771798,
                            51.04689
                        ],
                        [
                            13.772382,
                            51.046638
                        ],
                        [
                            13.771692,
                            51.045915
                        ],
                        [
                            13.771132,
                            51.046156
                        ],
                        [
                            13.769748,
                            51.044776
                        ],
                        [
                            13.767564,
                            51.042555
                        ],
                        [
                            13.768097,
                            51.04234
                        ],
                        [
                            13.767337,
                            51.04152
                        ],
                        [
                            13.766757,
                            51.041754
                        ],
                        [
                            13.766501,
                            51.041492
                        ],
                        [
                            13.767709,
                            51.040997
                        ],
                        [
                            13.770776,
                            51.039797
                        ],
                        [
                            13.772299,
                            51.039184
                        ],
                        [
                            13.777252,
                            51.037224
                        ],
                        [
                            13.777176,
                            51.037148
                        ],
                        [
                            13.777854,
                            51.03681
                        ],
                        [
                            13.775754,
                            51.034715
                        ],
                        [
                            13.774298,
                            51.033235
                        ],
                        [
                            13.772588,
                            51.031541
                        ],
                        [
                            13.770949,
                            51.029877
                        ],
                        [
                            13.771145,
                            51.029814
                        ],
                        [
                            13.770401,
                            51.029036
                        ],
                        [
                            13.769381,
                            51.028055
                        ],
                        [
                            13.759018,
                            51.031448
                        ],
                        [
                            13.755685,
                            51.032511
                        ],
                        [
                            13.752073,
                            51.033724
                        ],
                        [
                            13.750586,
                            51.034193
                        ],
                        [
                            13.749306,
                            51.034629
                        ],
                        [
                            13.747362,
                            51.035253
                        ],
                        [
                            13.7445,
                            51.03619
                        ],
                        [
                            13.743633,
                            51.036459
                        ],
                        [
                            13.739298,
                            51.037877
                        ],
                        [
                            13.738181,
                            51.03817
                        ],
                        [
                            13.7373,
                            51.038306
                        ],
                        [
                            13.73689,
                            51.037805
                        ],
                        [
                            13.735058,
                            51.038385
                        ],
                        [
                            13.733369,
                            51.038953
                        ],
                        [
                            13.733276,
                            51.039083
                        ],
                        [
                            13.730276,
                            51.040063
                        ],
                        [
                            13.730212,
                            51.039983
                        ],
                        [
                            13.729545,
                            51.040205
                        ],
                        [
                            13.728839,
                            51.040513
                        ],
                        [
                            13.72648,
                            51.041654
                        ],
                        [
                            13.725736,
                            51.042039
                        ],
                        [
                            13.725347,
                            51.042307
                        ],
                        [
                            13.724112,
                            51.04288
                        ],
                        [
                            13.723905,
                            51.042813
                        ],
                        [
                            13.722383,
                            51.043499
                        ],
                        [
                            13.722086,
                            51.043593
                        ],
                        [
                            13.722677,
                            51.044243
                        ],
                        [
                            13.722204,
                            51.04449
                        ],
                        [
                            13.721761,
                            51.044282
                        ],
                        [
                            13.721107,
                            51.043833
                        ],
                        [
                            13.720659,
                            51.044015
                        ],
                        [
                            13.719229,
                            51.044023
                        ],
                        [
                            13.71846,
                            51.043858
                        ],
                        [
                            13.717132,
                            51.043332
                        ],
                        [
                            13.716122,
                            51.042581
                        ],
                        [
                            13.715266,
                            51.041485
                        ],
                        [
                            13.714134,
                            51.040422
                        ],
                        [
                            13.713536,
                            51.040626
                        ],
                        [
                            13.712909,
                            51.040236
                        ],
                        [
                            13.711987,
                            51.039593
                        ],
                        [
                            13.710932,
                            51.040073
                        ],
                        [
                            13.711355,
                            51.040912
                        ],
                        [
                            13.711586,
                            51.041547
                        ],
                        [
                            13.711746,
                            51.043004
                        ],
                        [
                            13.711708,
                            51.043015
                        ],
                        [
                            13.711913,
                            51.045343
                        ],
                        [
                            13.711808,
                            51.045757
                        ],
                        [
                            13.711152,
                            51.045371
                        ],
                        [
                            13.710898,
                            51.04584
                        ],
                        [
                            13.710405,
                            51.046296
                        ],
                        [
                            13.708911,
                            51.04726
                        ],
                        [
                            13.707512,
                            51.046289
                        ],
                        [
                            13.707384,
                            51.046379
                        ],
                        [
                            13.706148,
                            51.046293
                        ],
                        [
                            13.705773,
                            51.046398
                        ],
                        [
                            13.704077,
                            51.050771
                        ],
                        [
                            13.703565,
                            51.051233
                        ],
                        [
                            13.703122,
                            51.051504
                        ],
                        [
                            13.70192,
                            51.051874
                        ],
                        [
                            13.701242,
                            51.05197
                        ],
                        [
                            13.692526,
                            51.053458
                        ],
                        [
                            13.692154,
                            51.053551
                        ],
                        [
                            13.691563,
                            51.053823
                        ],
                        [
                            13.691187,
                            51.054063
                        ],
                        [
                            13.690777,
                            51.054498
                        ],
                        [
                            13.690345,
                            51.055529
                        ],
                        [
                            13.690005,
                            51.056173
                        ],
                        [
                            13.689437,
                            51.056956
                        ],
                        [
                            13.688334,
                            51.058264
                        ],
                        [
                            13.688229,
                            51.058603
                        ],
                        [
                            13.688301,
                            51.059659
                        ],
                        [
                            13.688267,
                            51.059961
                        ],
                        [
                            13.687721,
                            51.061529
                        ],
                        [
                            13.68725,
                            51.062667
                        ],
                        [
                            13.687131,
                            51.062851
                        ],
                        [
                            13.686432,
                            51.063355
                        ],
                        [
                            13.686993,
                            51.063406
                        ],
                        [
                            13.686887,
                            51.063932
                        ],
                        [
                            13.688842,
                            51.064128
                        ],
                        [
                            13.692995,
                            51.064616
                        ],
                        [
                            13.694775,
                            51.064867
                        ],
                        [
                            13.695738,
                            51.06497
                        ],
                        [
                            13.69694,
                            51.065358
                        ],
                        [
                            13.698321,
                            51.066115
                        ],
                        [
                            13.698973,
                            51.066566
                        ],
                        [
                            13.699529,
                            51.067162
                        ],
                        [
                            13.700224,
                            51.068139
                        ],
                        [
                            13.700881,
                            51.069658
                        ],
                        [
                            13.701119,
                            51.0704
                        ],
                        [
                            13.70131,
                            51.070802
                        ],
                        [
                            13.701496,
                            51.071556
                        ],
                        [
                            13.701763,
                            51.072261
                        ],
                        [
                            13.702261,
                            51.073014
                        ],
                        [
                            13.702717,
                            51.073493
                        ],
                        [
                            13.703661,
                            51.074065
                        ],
                        [
                            13.704624,
                            51.074566
                        ],
                        [
                            13.706164,
                            51.075233
                        ],
                        [
                            13.707494,
                            51.075725
                        ],
                        [
                            13.708291,
                            51.075982
                        ],
                        [
                            13.70986,
                            51.076358
                        ],
                        [
                            13.710861,
                            51.076518
                        ],
                        [
                            13.712589,
                            51.076663
                        ],
                        [
                            13.713715,
                            51.076625
                        ],
                        [
                            13.714825,
                            51.076548
                        ],
                        [
                            13.715493,
                            51.076442
                        ],
                        [
                            13.716343,
                            51.076236
                        ],
                        [
                            13.71755,
                            51.075755
                        ],
                        [
                            13.718401,
                            51.075233
                        ],
                        [
                            13.719405,
                            51.074332
                        ],
                        [
                            13.720197,
                            51.073384
                        ],
                        [
                            13.720715,
                            51.072697
                        ],
                        [
                            13.721003,
                            51.072156
                        ],
                        [
                            13.721944,
                            51.071163
                        ],
                        [
                            13.723839,
                            51.069658
                        ],
                        [
                            13.724534,
                            51.069268
                        ],
                        [
                            13.725434,
                            51.068602
                        ],
                        [
                            13.72682,
                            51.067643
                        ],
                        [
                            13.729027,
                            51.065701
                        ],
                        [
                            13.729988,
                            51.064719
                        ],
                        [
                            13.730286,
                            51.063785
                        ],
                        [
                            13.732349,
                            51.060698
                        ],
                        [
                            13.733541,
                            51.059068
                        ],
                        [
                            13.73444,
                            51.05806
                        ],
                        [
                            13.735154,
                            51.057375
                        ],
                        [
                            13.735758,
                            51.056875
                        ],
                        [
                            13.736623,
                            51.056233
                        ],
                        [
                            13.737721,
                            51.055599
                        ],
                        [
                            13.738818,
                            51.055148
                        ],
                        [
                            13.740274,
                            51.054736
                        ],
                        [
                            13.741059,
                            51.054581
                        ],
                        [
                            13.742051,
                            51.054461
                        ],
                        [
                            13.743777,
                            51.054367
                        ],
                        [
                            13.745425,
                            51.054388
                        ],
                        [
                            13.746154,
                            51.054441
                        ],
                        [
                            13.747294,
                            51.054615
                        ],
                        [
                            13.749189,
                            51.055119
                        ],
                        [
                            13.75088,
                            51.055707
                        ],
                        [
                            13.754382,
                            51.057099
                        ],
                        [
                            13.756214,
                            51.0579
                        ],
                        [
                            13.758994,
                            51.059214
                        ],
                        [
                            13.761658,
                            51.060552
                        ],
                        [
                            13.763346,
                            51.061307
                        ],
                        [
                            13.764559,
                            51.061772
                        ],
                        [
                            13.766538,
                            51.062424
                        ],
                        [
                            13.768358,
                            51.06285
                        ],
                        [
                            13.769541,
                            51.06307
                        ],
                        [
                            13.771862,
                            51.063419
                        ],
                        [
                            13.772991,
                            51.063557
                        ],
                        [
                            13.775338,
                            51.063781
                        ],
                        [
                            13.776702,
                            51.063871
                        ],
                        [
                            13.77908,
                            51.063997
                        ],
                        [
                            13.781812,
                            51.064094
                        ],
                        [
                            13.784188,
                            51.063976
                        ],
                        [
                            13.785836,
                            51.063825
                        ],
                        [
                            13.787272,
                            51.063652
                        ]
                    ]
                ]
            },
            "properties": {
                "bez": "Altstadt",
                "flaeche_km2": 16.9734,
                "sst": null,
                "sst_klar": null,
                "historie": "akt",
                "aend": "20.03.2025 00:00:00"
            },
            "id": "Altstadt"
        },
        {
            "type": "Feature",
            "geometry": {
                "type": "Polygon",
                "coordinates": [
                    [
                        [
                            13.820222,
                            51.137812
                        ],
                        [
                            13.820695,
                            51.138464
                        ],
                        [
                            13.821111,
                            51.138947
                        ],
                        [
                            13.822817,
                            51.140122
                        ],
                        [
                            13.823333,
                            51.140395
                        ],
                        [
                            13.82575,
                            51.141536
                        ],
                        [
                            13.826225,
                            51.141853
                        ],
                        [
                            13.82669,
                            51.142397
                        ],
                        [
                            13.82743,
                            51.143101
                        ],
                        [
                            13.828179,
                            51.143665
                        ],
                        [
                            13.829115,
                            51.144304
                        ],
                        [
                            13.831118,
                            51.145357
                        ],
                        [
                            13.832795,
                            51.146299
                        ],
                        [
                            13.834508,
                            51.146627
                        ],
                        [
                            13.834787,
                            51.146756
                        ],
                        [
                            13.835461,
                            51.147273
                        ],
                        [
                            13.836626,
                            51.146911
                        ],
                        [
                            13.837772,
                            51.146652
                        ],
                        [
                            13.838668,
                            51.146369
                        ],
                        [
                            13.839602,
                            51.146103
                        ],
                        [
                            13.841039,
                            51.145894
                        ],
                        [
                            13.84281,
                            51.145143
                        ],
                        [
                            13.843123,
                            51.144972
                        ],
                        [
                            13.844946,
                            51.144363
                        ],
                        [
                            13.846318,
                            51.144007
                        ],
                        [
                            13.848324,
                            51.144056
                        ],
                        [
                            13.849537,
                            51.143975
                        ],
                        [
                            13.849607,
                            51.143791
                        ],
                        [
                            13.850502,
                            51.143455
                        ],
                        [
                            13.851152,
                            51.143338
                        ],
                        [
                            13.851255,
                            51.143045
                        ],
                        [
                            13.851505,
                            51.142977
                        ],
                        [
                            13.852262,
                            51.142968
                        ],
                        [
                            13.85304,
                            51.142418
                        ],
                        [
                            13.853005,
                            51.142152
                        ],
                        [
                            13.853257,
                            51.142076
                        ],
                        [
                            13.853526,
                            51.141587
                        ],
                        [
                            13.854368,
                            51.141127
                        ],
                        [
                            13.855136,
                            51.140755
                        ],
                        [
                            13.855943,
                            51.140794
                        ],
                        [
                            13.856508,
                            51.140658
                        ],
                        [
                            13.856735,
                            51.14068
                        ],
                        [
                            13.857497,
                            51.14036
                        ],
                        [
                            13.857753,
                            51.139889
                        ],
                        [
                            13.857635,
                            51.139735
                        ],
                        [
                            13.857634,
                            51.13926
                        ],
                        [
                            13.858548,
                            51.138519
                        ],
                        [
                            13.859279,
                            51.138096
                        ],
                        [
                            13.859892,
                            51.138046
                        ],
                        [
                            13.860337,
                            51.137907
                        ],
                        [
                            13.860546,
                            51.137608
                        ],
                        [
                            13.860988,
                            51.137607
                        ],
                        [
                            13.86171,
                            51.137087
                        ],
                        [
                            13.861957,
                            51.136835
                        ],
                        [
                            13.863105,
                            51.136518
                        ],
                        [
                            13.863839,
                            51.136102
                        ],
                        [
                            13.863812,
                            51.13597
                        ],
                        [
                            13.864496,
                            51.135577
                        ],
                        [
                            13.864985,
                            51.135382
                        ],
                        [
                            13.865406,
                            51.134955
                        ],
                        [
                            13.866117,
                            51.135176
                        ],
                        [
                            13.86749,
                            51.135481
                        ],
                        [
                            13.86824,
                            51.135558
                        ],
                        [
                            13.869153,
                            51.135723
                        ],
                        [
                            13.869572,
                            51.135647
                        ],
                        [
                            13.870421,
                            51.133896
                        ],
                        [
                            13.870458,
                            51.133287
                        ],
                        [
                            13.87035,
                            51.132788
                        ],
                        [
                            13.870486,
                            51.132208
                        ],
                        [
                            13.870743,
                            51.131918
                        ],
                        [
                            13.871143,
                            51.130603
                        ],
                        [
                            13.871445,
                            51.129851
                        ],
                        [
                            13.872229,
                            51.128517
                        ],
                        [
                            13.872494,
                            51.12791
                        ],
                        [
                            13.872883,
                            51.127562
                        ],
                        [
                            13.872582,
                            51.127428
                        ],
                        [
                            13.871955,
                            51.127448
                        ],
                        [
                            13.871545,
                            51.127536
                        ],
                        [
                            13.869707,
                            51.12781
                        ],
                        [
                            13.869137,
                            51.127858
                        ],
                        [
                            13.868137,
                            51.12787
                        ],
                        [
                            13.867381,
                            51.128146
                        ],
                        [
                            13.864649,
                            51.127636
                        ],
                        [
                            13.864003,
                            51.126891
                        ],
                        [
                            13.863824,
                            51.126471
                        ],
                        [
                            13.863069,
                            51.12586
                        ],
                        [
                            13.862338,
                            51.125444
                        ],
                        [
                            13.861716,
                            51.125669
                        ],
                        [
                            13.860701,
                            51.125923
                        ],
                        [
                            13.860675,
                            51.126463
                        ],
                        [
                            13.860152,
                            51.127273
                        ],
                        [
                            13.858488,
                            51.127666
                        ],
                        [
                            13.858284,
                            51.12799
                        ],
                        [
                            13.856612,
                            51.127609
                        ],
                        [
                            13.855754,
                            51.127477
                        ],
                        [
                            13.854568,
                            51.127454
                        ],
                        [
                            13.853963,
                            51.127368
                        ],
                        [
                            13.853733,
                            51.126677
                        ],
                        [
                            13.85347,
                            51.126464
                        ],
                        [
                            13.853665,
                            51.126252
                        ],
                        [
                            13.853543,
                            51.125944
                        ],
                        [
                            13.852629,
                            51.1258
                        ],
                        [
                            13.853234,
                            51.125105
                        ],
                        [
                            13.851069,
                            51.12546
                        ],
                        [
                            13.84956,
                            51.12569
                        ],
                        [
                            13.84899,
                            51.125573
                        ],
                        [
                            13.847395,
                            51.125832
                        ],
                        [
                            13.846625,
                            51.125493
                        ],
                        [
                            13.847075,
                            51.125295
                        ],
                        [
                            13.847531,
                            51.124787
                        ],
                        [
                            13.847971,
                            51.124948
                        ],
                        [
                            13.848192,
                            51.124718
                        ],
                        [
                            13.847784,
                            51.124548
                        ],
                        [
                            13.848198,
                            51.124164
                        ],
                        [
                            13.848304,
                            51.123736
                        ],
                        [
                            13.847035,
                            51.122745
                        ],
                        [
                            13.846365,
                            51.122472
                        ],
                        [
                            13.845829,
                            51.122544
                        ],
                        [
                            13.84384,
                            51.122651
                        ],
                        [
                            13.843235,
                            51.122597
                        ],
                        [
                            13.841111,
                            51.121717
                        ],
                        [
                            13.84056,
                            51.121517
                        ],
                        [
                            13.839309,
                            51.120971
                        ],
                        [
                            13.838358,
                            51.120601
                        ],
                        [
                            13.838168,
                            51.120603
                        ],
                        [
                            13.83655,
                            51.12088
                        ],
                        [
                            13.834236,
                            51.121204
                        ],
                        [
                            13.831812,
                            51.121941
                        ],
                        [
                            13.828561,
                            51.122213
                        ],
                        [
                            13.827423,
                            51.122904
                        ],
                        [
                            13.826194,
                            51.124469
                        ],
                        [
                            13.826335,
                            51.12514
                        ],
                        [
                            13.826555,
                            51.125278
                        ],
                        [
                            13.821299,
                            51.125857
                        ],
                        [
                            13.820355,
                            51.125917
                        ],
                        [
                            13.817162,
                            51.125855
                        ],
                        [
                            13.816965,
                            51.126563
                        ],
                        [
                            13.816952,
                            51.127347
                        ],
                        [
                            13.816412,
                            51.127476
                        ],
                        [
                            13.816485,
                            51.127828
                        ],
                        [
                            13.816939,
                            51.127917
                        ],
                        [
                            13.817577,
                            51.12958
                        ],
                        [
                            13.81804,
                            51.130126
                        ],
                        [
                            13.818374,
                            51.13103
                        ],
                        [
                            13.818405,
                            51.131904
                        ],
                        [
                            13.818195,
                            51.133248
                        ],
                        [
                            13.818159,
                            51.133833
                        ],
                        [
                            13.818442,
                            51.134333
                        ],
                        [
                            13.818847,
                            51.135457
                        ],
                        [
                            13.819097,
                            51.136036
                        ],
                        [
                            13.819409,
                            51.136396
                        ],
                        [
                            13.819619,
                            51.137056
                        ],
                        [
                            13.820222,
                            51.137812
                        ]
                    ]
                ]
            },
            "properties": {
                "bez": "Langebrück",
                "flaeche_km2": 6.9724,
                "sst": null,
                "sst_klar": null,
                "historie": "akt",
                "aend": "20.03.2025 00:00:00"
            },
            "id": "Langebrück"
        },
        {
            "type": "Feature",
            "geometry": {
                "type": "Polygon",
                "coordinates": [
                    [
                        [
                            13.756738,
                            51.000832
                        ],
                        [
                            13.756672,
                            51.000943
                        ],
                        [
                            13.756141,
                            51.001074
                        ],
                        [
                            13.755773,
                            51.001238
                        ],
                        [
                            13.754095,
                            51.001769
                        ],
                        [
                            13.754019,
                            51.002207
                        ],
                        [
                            13.754056,
                            51.00298
                        ],
                        [
                            13.754219,
                            51.003605
                        ],
                        [
                            13.75425,
                            51.004178
                        ],
                        [
                            13.755093,
                            51.004631
                        ],
                        [
                            13.755703,
                            51.005089
                        ],
                        [
                            13.755799,
                            51.005549
                        ],
                        [
                            13.755942,
                            51.005788
                        ],
                        [
                            13.75665,
                            51.006304
                        ],
                        [
                            13.756935,
                            51.007011
                        ],
                        [
                            13.75725,
                            51.00728
                        ],
                        [
                            13.757988,
                            51.008103
                        ],
                        [
                            13.758408,
                            51.008228
                        ],
                        [
                            13.759144,
                            51.008586
                        ],
                        [
                            13.76054,
                            51.009193
                        ],
                        [
                            13.760189,
                            51.009537
                        ],
                        [
                            13.75943,
                            51.009231
                        ],
                        [
                            13.758843,
                            51.009795
                        ],
                        [
                            13.758635,
                            51.009917
                        ],
                        [
                            13.757806,
                            51.010757
                        ],
                        [
                            13.757144,
                            51.010498
                        ],
                        [
                            13.756874,
                            51.010994
                        ],
                        [
                            13.756233,
                            51.010864
                        ],
                        [
                            13.755994,
                            51.011366
                        ],
                        [
                            13.75552,
                            51.011267
                        ],
                        [
                            13.754562,
                            51.013842
                        ],
                        [
                            13.754452,
                            51.013899
                        ],
                        [
                            13.755071,
                            51.014577
                        ],
                        [
                            13.755518,
                            51.015768
                        ],
                        [
                            13.754163,
                            51.015312
                        ],
                        [
                            13.751503,
                            51.014933
                        ],
                        [
                            13.751375,
                            51.01502
                        ],
                        [
                            13.751085,
                            51.016058
                        ],
                        [
                            13.750795,
                            51.016381
                        ],
                        [
                            13.751002,
                            51.017507
                        ],
                        [
                            13.749834,
                            51.017726
                        ],
                        [
                            13.749434,
                            51.018092
                        ],
                        [
                            13.748857,
                            51.018761
                        ],
                        [
                            13.74833,
                            51.019084
                        ],
                        [
                            13.74749,
                            51.019764
                        ],
                        [
                            13.748104,
                            51.020038
                        ],
                        [
                            13.748505,
                            51.020425
                        ],
                        [
                            13.748965,
                            51.021095
                        ],
                        [
                            13.749329,
                            51.021394
                        ],
                        [
                            13.750355,
                            51.022111
                        ],
                        [
                            13.751306,
                            51.022973
                        ],
                        [
                            13.751796,
                            51.022767
                        ],
                        [
                            13.75302,
                            51.023631
                        ],
                        [
                            13.755457,
                            51.02516
                        ],
                        [
                            13.756005,
                            51.025091
                        ],
                        [
                            13.756331,
                            51.025152
                        ],
                        [
                            13.756878,
                            51.025433
                        ],
                        [
                            13.755643,
                            51.026288
                        ],
                        [
                            13.755382,
                            51.026521
                        ],
                        [
                            13.754587,
                            51.027068
                        ],
                        [
                            13.753813,
                            51.027651
                        ],
                        [
                            13.752767,
                            51.028597
                        ],
                        [
                            13.752121,
                            51.029319
                        ],
                        [
                            13.751582,
                            51.030036
                        ],
                        [
                            13.749403,
                            51.033353
                        ],
                        [
                            13.748989,
                            51.033743
                        ],
                        [
                            13.749306,
                            51.034629
                        ],
                        [
                            13.750586,
                            51.034193
                        ],
                        [
                            13.752073,
                            51.033724
                        ],
                        [
                            13.755685,
                            51.032511
                        ],
                        [
                            13.759018,
                            51.031448
                        ],
                        [
                            13.769381,
                            51.028055
                        ],
                        [
                            13.774039,
                            51.026526
                        ],
                        [
                            13.777835,
                            51.0253
                        ],
                        [
                            13.783058,
                            51.023576
                        ],
                        [
                            13.78509,
                            51.022893
                        ],
                        [
                            13.786746,
                            51.022357
                        ],
                        [
                            13.786592,
                            51.022197
                        ],
                        [
                            13.788024,
                            51.021725
                        ],
                        [
                            13.788364,
                            51.021788
                        ],
                        [
                            13.790016,
                            51.020511
                        ],
                        [
                            13.790274,
                            51.020377
                        ],
                        [
                            13.789948,
                            51.019494
                        ],
                        [
                            13.790648,
                            51.019208
                        ],
                        [
                            13.792931,
                            51.01819
                        ],
                        [
                            13.794195,
                            51.01745
                        ],
                        [
                            13.796272,
                            51.016525
                        ],
                        [
                            13.797117,
                            51.016121
                        ],
                        [
                            13.797594,
                            51.016941
                        ],
                        [
                            13.797879,
                            51.01681
                        ],
                        [
                            13.800181,
                            51.01599
                        ],
                        [
                            13.800402,
                            51.015377
                        ],
                        [
                            13.800873,
                            51.015437
                        ],
                        [
                            13.801383,
                            51.015128
                        ],
                        [
                            13.802846,
                            51.013881
                        ],
                        [
                            13.803027,
                            51.013792
                        ],
                        [
                            13.803446,
                            51.014126
                        ],
                        [
                            13.804217,
                            51.014063
                        ],
                        [
                            13.808521,
                            51.011475
                        ],
                        [
                            13.813304,
                            51.00858
                        ],
                        [
                            13.815374,
                            51.007339
                        ],
                        [
                            13.817793,
                            51.005849
                        ],
                        [
                            13.819138,
                            51.005038
                        ],
                        [
                            13.819824,
                            51.004655
                        ],
                        [
                            13.822533,
                            51.003043
                        ],
                        [
                            13.824254,
                            51.002005
                        ],
                        [
                            13.828351,
                            50.999496
                        ],
                        [
                            13.829709,
                            50.998621
                        ],
                        [
                            13.829152,
                            50.998472
                        ],
                        [
                            13.829254,
                            50.998199
                        ],
                        [
                            13.828588,
                            50.997734
                        ],
                        [
                            13.831656,
                            50.996125
                        ],
                        [
                            13.831949,
                            50.996342
                        ],
                        [
                            13.833014,
                            50.995693
                        ],
                        [
                            13.834141,
                            50.995232
                        ],
                        [
                            13.834963,
                            50.994979
                        ],
                        [
                            13.8365,
                            50.994345
                        ],
                        [
                            13.837009,
                            50.993975
                        ],
                        [
                            13.840132,
                            50.992043
                        ],
                        [
                            13.840345,
                            50.992249
                        ],
                        [
                            13.841175,
                            50.991763
                        ],
                        [
                            13.841127,
                            50.991708
                        ],
                        [
                            13.842439,
                            50.990933
                        ],
                        [
                            13.844722,
                            50.989544
                        ],
                        [
                            13.842882,
                            50.988272
                        ],
                        [
                            13.842466,
                            50.988052
                        ],
                        [
                            13.8398,
                            50.987488
                        ],
                        [
                            13.839581,
                            50.986599
                        ],
                        [
                            13.839241,
                            50.985728
                        ],
                        [
                            13.839058,
                            50.984588
                        ],
                        [
                            13.838756,
                            50.984204
                        ],
                        [
                            13.837825,
                            50.983449
                        ],
                        [
                            13.837642,
                            50.98299
                        ],
                        [
                            13.836944,
                            50.983132
                        ],
                        [
                            13.836645,
                            50.982867
                        ],
                        [
                            13.836189,
                            50.982146
                        ],
                        [
                            13.835415,
                            50.981505
                        ],
                        [
                            13.834949,
                            50.981223
                        ],
                        [
                            13.834301,
                            50.980607
                        ],
                        [
                            13.834208,
                            50.980324
                        ],
                        [
                            13.833797,
                            50.979787
                        ],
                        [
                            13.833125,
                            50.980127
                        ],
                        [
                            13.832455,
                            50.98016
                        ],
                        [
                            13.832164,
                            50.980008
                        ],
                        [
                            13.831634,
                            50.979412
                        ],
                        [
                            13.830918,
                            50.979439
                        ],
                        [
                            13.831069,
                            50.97917
                        ],
                        [
                            13.831109,
                            50.978731
                        ],
                        [
                            13.831248,
                            50.978402
                        ],
                        [
                            13.827832,
                            50.979015
                        ],
                        [
                            13.826902,
                            50.979293
                        ],
                        [
                            13.825994,
                            50.979444
                        ],
                        [
                            13.825243,
                            50.979462
                        ],
                        [
                            13.824135,
                            50.978772
                        ],
                        [
                            13.822909,
                            50.978302
                        ],
                        [
                            13.821209,
                            50.977558
                        ],
                        [
                            13.821273,
                            50.977268
                        ],
                        [
                            13.821568,
                            50.976873
                        ],
                        [
                            13.821391,
                            50.976389
                        ],
                        [
                            13.821221,
                            50.975283
                        ],
                        [
                            13.820767,
                            50.975117
                        ],
                        [
                            13.819003,
                            50.975021
                        ],
                        [
                            13.818348,
                            50.974932
                        ],
                        [
                            13.815507,
                            50.97511
                        ],
                        [
                            13.815332,
                            50.975502
                        ],
                        [
                            13.814738,
                            50.97583
                        ],
                        [
                            13.813892,
                            50.975424
                        ],
                        [
                            13.813697,
                            50.975279
                        ],
                        [
                            13.812991,
                            50.97535
                        ],
                        [
                            13.813015,
                            50.976072
                        ],
                        [
                            13.81295,
                            50.976518
                        ],
                        [
                            13.811325,
                            50.976606
                        ],
                        [
                            13.811272,
                            50.977012
                        ],
                        [
                            13.810576,
                            50.977078
                        ],
                        [
                            13.809843,
                            50.977023
                        ],
                        [
                            13.808459,
                            50.976771
                        ],
                        [
                            13.808352,
                            50.97702
                        ],
                        [
                            13.807593,
                            50.976963
                        ],
                        [
                            13.80733,
                            50.977599
                        ],
                        [
                            13.807478,
                            50.978704
                        ],
                        [
                            13.807735,
                            50.979594
                        ],
                        [
                            13.806326,
                            50.979826
                        ],
                        [
                            13.80501,
                            50.980113
                        ],
                        [
                            13.804452,
                            50.978907
                        ],
                        [
                            13.801381,
                            50.979254
                        ],
                        [
                            13.801253,
                            50.979149
                        ],
                        [
                            13.801271,
                            50.978758
                        ],
                        [
                            13.798995,
                            50.978208
                        ],
                        [
                            13.79916,
                            50.977778
                        ],
                        [
                            13.799025,
                            50.977558
                        ],
                        [
                            13.798526,
                            50.977266
                        ],
                        [
                            13.799197,
                            50.976545
                        ],
                        [
                            13.798188,
                            50.976451
                        ],
                        [
                            13.797291,
                            50.976255
                        ],
                        [
                            13.7963,
                            50.976732
                        ],
                        [
                            13.795603,
                            50.977026
                        ],
                        [
                            13.795423,
                            50.977311
                        ],
                        [
                            13.795917,
                            50.97758
                        ],
                        [
                            13.796343,
                            50.977712
                        ],
                        [
                            13.795336,
                            50.978175
                        ],
                        [
                            13.794625,
                            50.977915
                        ],
                        [
                            13.794435,
                            50.977442
                        ],
                        [
                            13.794142,
                            50.977412
                        ],
                        [
                            13.793789,
                            50.9776
                        ],
                        [
                            13.792792,
                            50.977418
                        ],
                        [
                            13.791823,
                            50.977318
                        ],
                        [
                            13.791653,
                            50.977608
                        ],
                        [
                            13.791189,
                            50.978897
                        ],
                        [
                            13.792018,
                            50.978876
                        ],
                        [
                            13.791936,
                            50.979246
                        ],
                        [
                            13.791579,
                            50.979894
                        ],
                        [
                            13.791224,
                            50.980371
                        ],
                        [
                            13.790758,
                            50.981214
                        ],
                        [
                            13.7911,
                            50.981898
                        ],
                        [
                            13.790439,
                            50.981993
                        ],
                        [
                            13.791211,
                            50.982957
                        ],
                        [
                            13.790987,
                            50.983217
                        ],
                        [
                            13.78899,
                            50.983954
                        ],
                        [
                            13.789649,
                            50.984474
                        ],
                        [
                            13.789954,
                            50.985086
                        ],
                        [
                            13.789906,
                            50.985542
                        ],
                        [
                            13.789585,
                            50.986117
                        ],
                        [
                            13.789587,
                            50.987095
                        ],
                        [
                            13.789955,
                            50.988137
                        ],
                        [
                            13.789426,
                            50.988126
                        ],
                        [
                            13.789386,
                            50.987687
                        ],
                        [
                            13.789112,
                            50.986863
                        ],
                        [
                            13.788808,
                            50.9865
                        ],
                        [
                            13.78789,
                            50.986698
                        ],
                        [
                            13.78663,
                            50.985786
                        ],
                        [
                            13.781797,
                            50.988422
                        ],
                        [
                            13.780917,
                            50.98861
                        ],
                        [
                            13.779651,
                            50.988083
                        ],
                        [
                            13.77971,
                            50.987393
                        ],
                        [
                            13.780211,
                            50.986016
                        ],
                        [
                            13.776299,
                            50.987681
                        ],
                        [
                            13.775573,
                            50.988124
                        ],
                        [
                            13.774798,
                            50.987824
                        ],
                        [
                            13.774416,
                            50.987815
                        ],
                        [
                            13.773324,
                            50.98765
                        ],
                        [
                            13.773045,
                            50.987883
                        ],
                        [
                            13.772705,
                            50.987907
                        ],
                        [
                            13.770964,
                            50.987757
                        ],
                        [
                            13.77087,
                            50.988477
                        ],
                        [
                            13.770651,
                            50.989128
                        ],
                        [
                            13.770238,
                            50.989844
                        ],
                        [
                            13.769679,
                            50.990632
                        ],
                        [
                            13.769267,
                            50.991083
                        ],
                        [
                            13.765499,
                            50.994922
                        ],
                        [
                            13.766836,
                            50.996442
                        ],
                        [
                            13.764835,
                            50.99683
                        ],
                        [
                            13.765505,
                            51.000887
                        ],
                        [
                            13.763666,
                            51.000828
                        ],
                        [
                            13.763506,
                            51.00005
                        ],
                        [
                            13.76136,
                            51.000147
                        ],
                        [
                            13.759635,
                            51.000172
                        ],
                        [
                            13.758191,
                            51.00017
                        ],
                        [
                            13.758161,
                            51.000934
                        ],
                        [
                            13.757128,
                            51.000919
                        ],
                        [
                            13.756738,
                            51.000832
                        ]
                    ]
                ]
            },
            "properties": {
                "bez": "Prohlis",
                "flaeche_km2": 21.147000000000002,
                "sst": null,
                "sst_klar": null,
                "historie": "akt",
                "aend": "20.03.2025 00:00:00"
            },
            "id": "Prohlis"
        },
        {
            "type": "Feature",
            "geometry": {
                "type": "Polygon",
                "coordinates": [
                    [
                        [
                            13.612269,
                            51.078336
                        ],
                        [
                            13.612021,
                            51.078658
                        ],
                        [
                            13.610563,
                            51.078549
                        ],
                        [
                            13.609528,
                            51.078703
                        ],
                        [
                            13.607823,
                            51.079427
                        ],
                        [
                            13.60672,
                            51.079774
                        ],
                        [
                            13.606948,
                            51.080222
                        ],
                        [
                            13.606972,
                            51.081262
                        ],
                        [
                            13.608439,
                            51.081297
                        ],
                        [
                            13.608426,
                            51.081856
                        ],
                        [
                            13.608935,
                            51.082026
                        ],
                        [
                            13.609781,
                            51.082993
                        ],
                        [
                            13.610103,
                            51.083298
                        ],
                        [
                            13.608821,
                            51.083882
                        ],
                        [
                            13.608695,
                            51.083762
                        ],
                        [
                            13.60776,
                            51.084378
                        ],
                        [
                            13.608239,
                            51.084577
                        ],
                        [
                            13.607942,
                            51.085232
                        ],
                        [
                            13.607171,
                            51.0851
                        ],
                        [
                            13.606528,
                            51.086575
                        ],
                        [
                            13.605378,
                            51.086457
                        ],
                        [
                            13.605223,
                            51.086385
                        ],
                        [
                            13.604734,
                            51.085712
                        ],
                        [
                            13.60456,
                            51.085743
                        ],
                        [
                            13.604236,
                            51.086076
                        ],
                        [
                            13.604228,
                            51.086339
                        ],
                        [
                            13.604386,
                            51.086918
                        ],
                        [
                            13.603128,
                            51.087015
                        ],
                        [
                            13.602149,
                            51.08691
                        ],
                        [
                            13.602328,
                            51.08656
                        ],
                        [
                            13.602357,
                            51.086169
                        ],
                        [
                            13.601504,
                            51.086124
                        ],
                        [
                            13.601714,
                            51.085664
                        ],
                        [
                            13.601692,
                            51.085373
                        ],
                        [
                            13.601283,
                            51.085165
                        ],
                        [
                            13.601396,
                            51.084944
                        ],
                        [
                            13.60239,
                            51.084877
                        ],
                        [
                            13.602514,
                            51.084623
                        ],
                        [
                            13.602546,
                            51.084205
                        ],
                        [
                            13.602664,
                            51.083944
                        ],
                        [
                            13.602475,
                            51.083708
                        ],
                        [
                            13.601255,
                            51.083843
                        ],
                        [
                            13.600801,
                            51.084021
                        ],
                        [
                            13.600422,
                            51.08453
                        ],
                        [
                            13.599469,
                            51.085212
                        ],
                        [
                            13.599084,
                            51.085406
                        ],
                        [
                            13.598697,
                            51.085741
                        ],
                        [
                            13.598197,
                            51.085924
                        ],
                        [
                            13.598505,
                            51.086688
                        ],
                        [
                            13.598861,
                            51.087256
                        ],
                        [
                            13.59894,
                            51.087664
                        ],
                        [
                            13.599357,
                            51.088175
                        ],
                        [
                            13.598881,
                            51.088443
                        ],
                        [
                            13.598535,
                            51.088455
                        ],
                        [
                            13.598293,
                            51.088596
                        ],
                        [
                            13.59812,
                            51.088924
                        ],
                        [
                            13.597552,
                            51.089159
                        ],
                        [
                            13.59783,
                            51.0901
                        ],
                        [
                            13.597738,
                            51.090364
                        ],
                        [
                            13.597784,
                            51.090873
                        ],
                        [
                            13.598192,
                            51.091026
                        ],
                        [
                            13.598327,
                            51.091405
                        ],
                        [
                            13.597758,
                            51.091517
                        ],
                        [
                            13.596529,
                            51.091687
                        ],
                        [
                            13.596038,
                            51.091714
                        ],
                        [
                            13.595006,
                            51.091434
                        ],
                        [
                            13.594135,
                            51.092034
                        ],
                        [
                            13.59447,
                            51.092249
                        ],
                        [
                            13.593551,
                            51.092836
                        ],
                        [
                            13.593338,
                            51.093175
                        ],
                        [
                            13.592831,
                            51.093608
                        ],
                        [
                            13.592092,
                            51.094156
                        ],
                        [
                            13.592166,
                            51.094456
                        ],
                        [
                            13.593022,
                            51.094727
                        ],
                        [
                            13.594855,
                            51.094905
                        ],
                        [
                            13.596263,
                            51.095402
                        ],
                        [
                            13.596521,
                            51.095774
                        ],
                        [
                            13.596559,
                            51.096087
                        ],
                        [
                            13.596474,
                            51.096689
                        ],
                        [
                            13.596819,
                            51.097286
                        ],
                        [
                            13.597334,
                            51.097728
                        ],
                        [
                            13.597646,
                            51.09785
                        ],
                        [
                            13.598678,
                            51.098407
                        ],
                        [
                            13.599359,
                            51.097893
                        ],
                        [
                            13.600166,
                            51.097383
                        ],
                        [
                            13.601841,
                            51.096764
                        ],
                        [
                            13.60349,
                            51.096449
                        ],
                        [
                            13.604383,
                            51.09639
                        ],
                        [
                            13.605651,
                            51.096584
                        ],
                        [
                            13.606271,
                            51.096739
                        ],
                        [
                            13.607217,
                            51.097128
                        ],
                        [
                            13.608294,
                            51.097688
                        ],
                        [
                            13.609195,
                            51.098193
                        ],
                        [
                            13.609856,
                            51.098652
                        ],
                        [
                            13.611581,
                            51.099975
                        ],
                        [
                            13.612351,
                            51.100526
                        ],
                        [
                            13.613059,
                            51.100944
                        ],
                        [
                            13.613807,
                            51.101308
                        ],
                        [
                            13.614596,
                            51.101631
                        ],
                        [
                            13.615555,
                            51.10194
                        ],
                        [
                            13.616576,
                            51.102219
                        ],
                        [
                            13.617682,
                            51.102432
                        ],
                        [
                            13.619976,
                            51.102708
                        ],
                        [
                            13.621762,
                            51.102767
                        ],
                        [
                            13.622769,
                            51.102724
                        ],
                        [
                            13.62373,
                            51.102646
                        ],
                        [
                            13.624732,
                            51.102477
                        ],
                        [
                            13.626626,
                            51.101841
                        ],
                        [
                            13.62831,
                            51.101093
                        ],
                        [
                            13.629417,
                            51.100672
                        ],
                        [
                            13.630531,
                            51.100313
                        ],
                        [
                            13.634182,
                            51.098855
                        ],
                        [
                            13.636337,
                            51.098057
                        ],
                        [
                            13.636891,
                            51.097874
                        ],
                        [
                            13.638336,
                            51.097656
                        ],
                        [
                            13.640476,
                            51.097267
                        ],
                        [
                            13.641993,
                            51.097052
                        ],
                        [
                            13.645151,
                            51.096497
                        ],
                        [
                            13.645867,
                            51.096247
                        ],
                        [
                            13.647786,
                            51.095361
                        ],
                        [
                            13.648881,
                            51.094803
                        ],
                        [
                            13.649513,
                            51.094424
                        ],
                        [
                            13.651622,
                            51.093475
                        ],
                        [
                            13.65383,
                            51.092607
                        ],
                        [
                            13.657156,
                            51.091588
                        ],
                        [
                            13.658503,
                            51.091125
                        ],
                        [
                            13.659633,
                            51.090844
                        ],
                        [
                            13.660426,
                            51.090585
                        ],
                        [
                            13.661192,
                            51.090141
                        ],
                        [
                            13.662577,
                            51.089269
                        ],
                        [
                            13.661658,
                            51.088772
                        ],
                        [
                            13.660934,
                            51.089204
                        ],
                        [
                            13.659531,
                            51.088398
                        ],
                        [
                            13.659299,
                            51.088537
                        ],
                        [
                            13.658349,
                            51.087892
                        ],
                        [
                            13.657275,
                            51.087328
                        ],
                        [
                            13.657293,
                            51.087175
                        ],
                        [
                            13.655804,
                            51.086145
                        ],
                        [
                            13.654949,
                            51.086589
                        ],
                        [
                            13.654135,
                            51.086946
                        ],
                        [
                            13.653155,
                            51.087291
                        ],
                        [
                            13.652163,
                            51.08758
                        ],
                        [
                            13.649526,
                            51.083642
                        ],
                        [
                            13.650125,
                            51.083345
                        ],
                        [
                            13.650046,
                            51.08327
                        ],
                        [
                            13.648852,
                            51.081106
                        ],
                        [
                            13.647669,
                            51.081122
                        ],
                        [
                            13.646655,
                            51.081292
                        ],
                        [
                            13.646423,
                            51.080822
                        ],
                        [
                            13.644171,
                            51.080831
                        ],
                        [
                            13.643011,
                            51.080938
                        ],
                        [
                            13.641349,
                            51.081153
                        ],
                        [
                            13.641017,
                            51.081266
                        ],
                        [
                            13.640344,
                            51.080619
                        ],
                        [
                            13.639204,
                            51.080095
                        ],
                        [
                            13.639066,
                            51.079603
                        ],
                        [
                            13.638598,
                            51.079284
                        ],
                        [
                            13.638602,
                            51.07894
                        ],
                        [
                            13.638282,
                            51.078505
                        ],
                        [
                            13.638036,
                            51.07832
                        ],
                        [
                            13.637324,
                            51.077986
                        ],
                        [
                            13.636163,
                            51.078369
                        ],
                        [
                            13.636445,
                            51.078765
                        ],
                        [
                            13.636301,
                            51.07919
                        ],
                        [
                            13.633452,
                            51.079953
                        ],
                        [
                            13.633213,
                            51.079721
                        ],
                        [
                            13.632765,
                            51.079471
                        ],
                        [
                            13.631544,
                            51.079843
                        ],
                        [
                            13.630965,
                            51.079972
                        ],
                        [
                            13.630644,
                            51.079956
                        ],
                        [
                            13.62986,
                            51.080143
                        ],
                        [
                            13.629928,
                            51.079858
                        ],
                        [
                            13.6298,
                            51.079525
                        ],
                        [
                            13.62916,
                            51.079081
                        ],
                        [
                            13.628993,
                            51.078836
                        ],
                        [
                            13.628826,
                            51.078105
                        ],
                        [
                            13.627431,
                            51.078539
                        ],
                        [
                            13.626755,
                            51.078587
                        ],
                        [
                            13.626739,
                            51.078101
                        ],
                        [
                            13.62614,
                            51.077633
                        ],
                        [
                            13.625944,
                            51.077853
                        ],
                        [
                            13.624243,
                            51.077927
                        ],
                        [
                            13.624437,
                            51.077144
                        ],
                        [
                            13.62491,
                            51.076713
                        ],
                        [
                            13.625434,
                            51.076497
                        ],
                        [
                            13.626913,
                            51.076051
                        ],
                        [
                            13.626997,
                            51.075628
                        ],
                        [
                            13.627207,
                            51.075274
                        ],
                        [
                            13.626979,
                            51.074735
                        ],
                        [
                            13.626314,
                            51.074948
                        ],
                        [
                            13.625632,
                            51.075253
                        ],
                        [
                            13.625299,
                            51.075648
                        ],
                        [
                            13.625003,
                            51.075709
                        ],
                        [
                            13.624627,
                            51.07614
                        ],
                        [
                            13.624129,
                            51.076376
                        ],
                        [
                            13.623636,
                            51.076296
                        ],
                        [
                            13.623471,
                            51.076184
                        ],
                        [
                            13.622972,
                            51.07613
                        ],
                        [
                            13.622067,
                            51.076305
                        ],
                        [
                            13.621692,
                            51.076426
                        ],
                        [
                            13.620986,
                            51.076937
                        ],
                        [
                            13.620389,
                            51.078064
                        ],
                        [
                            13.620047,
                            51.077875
                        ],
                        [
                            13.618904,
                            51.078575
                        ],
                        [
                            13.6187,
                            51.078542
                        ],
                        [
                            13.617623,
                            51.077967
                        ],
                        [
                            13.617441,
                            51.077989
                        ],
                        [
                            13.616759,
                            51.079118
                        ],
                        [
                            13.615446,
                            51.079161
                        ],
                        [
                            13.614721,
                            51.079063
                        ],
                        [
                            13.614742,
                            51.078651
                        ],
                        [
                            13.613922,
                            51.078356
                        ],
                        [
                            13.613053,
                            51.078296
                        ],
                        [
                            13.612882,
                            51.078691
                        ],
                        [
                            13.612652,
                            51.078638
                        ],
                        [
                            13.612269,
                            51.078336
                        ]
                    ]
                ]
            },
            "properties": {
                "bez": "Cossebaude",
                "flaeche_km2": 8.1295,
                "sst": null,
                "sst_klar": null,
                "historie": "akt",
                "aend": "20.03.2025 00:00:00"
            },
            "id": "Cossebaude"
        },
        {
            "type": "Feature",
            "geometry": {
                "type": "Polygon",
                "coordinates": [
                    [
                        [
                            13.790079,
                            51.063343
                        ],
                        [
                            13.787272,
                            51.063652
                        ],
                        [
                            13.785836,
                            51.063825
                        ],
                        [
                            13.784188,
                            51.063976
                        ],
                        [
                            13.781812,
                            51.064094
                        ],
                        [
                            13.77908,
                            51.063997
                        ],
                        [
                            13.776702,
                            51.063871
                        ],
                        [
                            13.775338,
                            51.063781
                        ],
                        [
                            13.772991,
                            51.063557
                        ],
                        [
                            13.771862,
                            51.063419
                        ],
                        [
                            13.769541,
                            51.06307
                        ],
                        [
                            13.768358,
                            51.06285
                        ],
                        [
                            13.766538,
                            51.062424
                        ],
                        [
                            13.764559,
                            51.061772
                        ],
                        [
                            13.763346,
                            51.061307
                        ],
                        [
                            13.761658,
                            51.060552
                        ],
                        [
                            13.758994,
                            51.059214
                        ],
                        [
                            13.756214,
                            51.0579
                        ],
                        [
                            13.754382,
                            51.057099
                        ],
                        [
                            13.75088,
                            51.055707
                        ],
                        [
                            13.749189,
                            51.055119
                        ],
                        [
                            13.747294,
                            51.054615
                        ],
                        [
                            13.746154,
                            51.054441
                        ],
                        [
                            13.745425,
                            51.054388
                        ],
                        [
                            13.743777,
                            51.054367
                        ],
                        [
                            13.742051,
                            51.054461
                        ],
                        [
                            13.741059,
                            51.054581
                        ],
                        [
                            13.740274,
                            51.054736
                        ],
                        [
                            13.738818,
                            51.055148
                        ],
                        [
                            13.737721,
                            51.055599
                        ],
                        [
                            13.736623,
                            51.056233
                        ],
                        [
                            13.735758,
                            51.056875
                        ],
                        [
                            13.735154,
                            51.057375
                        ],
                        [
                            13.73444,
                            51.05806
                        ],
                        [
                            13.733541,
                            51.059068
                        ],
                        [
                            13.732349,
                            51.060698
                        ],
                        [
                            13.730286,
                            51.063785
                        ],
                        [
                            13.729988,
                            51.064719
                        ],
                        [
                            13.729027,
                            51.065701
                        ],
                        [
                            13.72682,
                            51.067643
                        ],
                        [
                            13.725434,
                            51.068602
                        ],
                        [
                            13.726298,
                            51.069002
                        ],
                        [
                            13.72682,
                            51.0693
                        ],
                        [
                            13.728758,
                            51.070054
                        ],
                        [
                            13.728822,
                            51.070147
                        ],
                        [
                            13.729562,
                            51.070474
                        ],
                        [
                            13.731227,
                            51.071129
                        ],
                        [
                            13.734278,
                            51.072372
                        ],
                        [
                            13.735092,
                            51.072596
                        ],
                        [
                            13.735836,
                            51.072618
                        ],
                        [
                            13.736735,
                            51.072912
                        ],
                        [
                            13.736976,
                            51.0732
                        ],
                        [
                            13.738819,
                            51.073823
                        ],
                        [
                            13.739059,
                            51.073971
                        ],
                        [
                            13.73912,
                            51.076425
                        ],
                        [
                            13.739259,
                            51.077402
                        ],
                        [
                            13.739318,
                            51.078395
                        ],
                        [
                            13.739373,
                            51.078678
                        ],
                        [
                            13.739402,
                            51.082319
                        ],
                        [
                            13.739347,
                            51.082707
                        ],
                        [
                            13.739042,
                            51.083466
                        ],
                        [
                            13.738461,
                            51.08422
                        ],
                        [
                            13.737478,
                            51.085137
                        ],
                        [
                            13.737281,
                            51.085445
                        ],
                        [
                            13.737175,
                            51.085875
                        ],
                        [
                            13.737324,
                            51.086619
                        ],
                        [
                            13.737709,
                            51.087743
                        ],
                        [
                            13.738044,
                            51.087927
                        ],
                        [
                            13.739277,
                            51.088434
                        ],
                        [
                            13.742091,
                            51.089626
                        ],
                        [
                            13.742179,
                            51.089646
                        ],
                        [
                            13.742607,
                            51.089893
                        ],
                        [
                            13.743402,
                            51.090201
                        ],
                        [
                            13.746194,
                            51.091359
                        ],
                        [
                            13.746476,
                            51.091457
                        ],
                        [
                            13.746938,
                            51.091419
                        ],
                        [
                            13.747249,
                            51.09124
                        ],
                        [
                            13.748306,
                            51.091063
                        ],
                        [
                            13.749509,
                            51.090978
                        ],
                        [
                            13.75026,
                            51.091133
                        ],
                        [
                            13.750871,
                            51.091024
                        ],
                        [
                            13.751794,
                            51.09101
                        ],
                        [
                            13.751945,
                            51.091177
                        ],
                        [
                            13.752403,
                            51.091234
                        ],
                        [
                            13.753015,
                            51.090997
                        ],
                        [
                            13.753639,
                            51.09165
                        ],
                        [
                            13.753502,
                            51.091702
                        ],
                        [
                            13.754144,
                            51.092372
                        ],
                        [
                            13.754007,
                            51.092416
                        ],
                        [
                            13.753995,
                            51.092786
                        ],
                        [
                            13.753823,
                            51.093408
                        ],
                        [
                            13.753931,
                            51.093697
                        ],
                        [
                            13.754612,
                            51.094375
                        ],
                        [
                            13.75476,
                            51.094317
                        ],
                        [
                            13.755212,
                            51.094534
                        ],
                        [
                            13.756957,
                            51.094417
                        ],
                        [
                            13.758867,
                            51.094498
                        ],
                        [
                            13.759092,
                            51.094395
                        ],
                        [
                            13.759386,
                            51.094548
                        ],
                        [
                            13.760721,
                            51.094573
                        ],
                        [
                            13.763206,
                            51.094248
                        ],
                        [
                            13.764001,
                            51.093951
                        ],
                        [
                            13.764308,
                            51.094118
                        ],
                        [
                            13.7653,
                            51.094271
                        ],
                        [
                            13.76582,
                            51.094456
                        ],
                        [
                            13.765925,
                            51.094711
                        ],
                        [
                            13.766559,
                            51.094795
                        ],
                        [
                            13.76691,
                            51.094741
                        ],
                        [
                            13.766574,
                            51.094079
                        ],
                        [
                            13.766545,
                            51.093755
                        ],
                        [
                            13.766238,
                            51.092981
                        ],
                        [
                            13.765991,
                            51.092507
                        ],
                        [
                            13.766123,
                            51.092472
                        ],
                        [
                            13.765911,
                            51.091797
                        ],
                        [
                            13.765778,
                            51.091564
                        ],
                        [
                            13.764691,
                            51.090325
                        ],
                        [
                            13.764655,
                            51.09013
                        ],
                        [
                            13.767603,
                            51.093357
                        ],
                        [
                            13.768072,
                            51.093842
                        ],
                        [
                            13.769149,
                            51.094787
                        ],
                        [
                            13.770009,
                            51.095414
                        ],
                        [
                            13.771236,
                            51.096148
                        ],
                        [
                            13.772535,
                            51.096788
                        ],
                        [
                            13.77266,
                            51.096463
                        ],
                        [
                            13.772893,
                            51.096044
                        ],
                        [
                            13.773099,
                            51.095942
                        ],
                        [
                            13.774258,
                            51.095709
                        ],
                        [
                            13.775213,
                            51.095392
                        ],
                        [
                            13.775836,
                            51.094864
                        ],
                        [
                            13.776047,
                            51.094455
                        ],
                        [
                            13.776008,
                            51.094147
                        ],
                        [
                            13.776667,
                            51.093926
                        ],
                        [
                            13.778005,
                            51.093948
                        ],
                        [
                            13.778486,
                            51.093808
                        ],
                        [
                            13.779835,
                            51.09367
                        ],
                        [
                            13.780488,
                            51.0937
                        ],
                        [
                            13.781537,
                            51.093579
                        ],
                        [
                            13.782256,
                            51.093268
                        ],
                        [
                            13.782603,
                            51.092942
                        ],
                        [
                            13.783939,
                            51.092293
                        ],
                        [
                            13.784558,
                            51.092152
                        ],
                        [
                            13.785289,
                            51.091813
                        ],
                        [
                            13.785873,
                            51.091318
                        ],
                        [
                            13.78661,
                            51.090974
                        ],
                        [
                            13.786844,
                            51.090807
                        ],
                        [
                            13.788051,
                            51.090732
                        ],
                        [
                            13.788827,
                            51.09031
                        ],
                        [
                            13.78818,
                            51.089877
                        ],
                        [
                            13.787704,
                            51.089623
                        ],
                        [
                            13.786855,
                            51.089272
                        ],
                        [
                            13.786737,
                            51.089134
                        ],
                        [
                            13.791084,
                            51.084991
                        ],
                        [
                            13.792855,
                            51.083173
                        ],
                        [
                            13.795799,
                            51.080311
                        ],
                        [
                            13.796653,
                            51.07952
                        ],
                        [
                            13.798774,
                            51.077479
                        ],
                        [
                            13.799315,
                            51.077056
                        ],
                        [
                            13.799556,
                            51.077155
                        ],
                        [
                            13.800164,
                            51.076611
                        ],
                        [
                            13.799497,
                            51.076279
                        ],
                        [
                            13.7973,
                            51.075372
                        ],
                        [
                            13.796545,
                            51.075009
                        ],
                        [
                            13.798108,
                            51.074974
                        ],
                        [
                            13.797732,
                            51.074747
                        ],
                        [
                            13.797574,
                            51.074431
                        ],
                        [
                            13.797604,
                            51.074162
                        ],
                        [
                            13.796789,
                            51.073577
                        ],
                        [
                            13.796039,
                            51.073435
                        ],
                        [
                            13.795574,
                            51.073202
                        ],
                        [
                            13.795251,
                            51.072444
                        ],
                        [
                            13.795038,
                            51.072294
                        ],
                        [
                            13.794837,
                            51.071929
                        ],
                        [
                            13.794813,
                            51.071678
                        ],
                        [
                            13.794146,
                            51.070754
                        ],
                        [
                            13.794335,
                            51.070248
                        ],
                        [
                            13.794364,
                            51.069729
                        ],
                        [
                            13.794694,
                            51.069347
                        ],
                        [
                            13.794391,
                            51.069053
                        ],
                        [
                            13.793203,
                            51.068672
                        ],
                        [
                            13.793043,
                            51.068526
                        ],
                        [
                            13.792859,
                            51.067984
                        ],
                        [
                            13.792204,
                            51.067606
                        ],
                        [
                            13.791826,
                            51.067466
                        ],
                        [
                            13.791383,
                            51.067448
                        ],
                        [
                            13.790739,
                            51.067263
                        ],
                        [
                            13.790395,
                            51.06709
                        ],
                        [
                            13.790613,
                            51.066016
                        ],
                        [
                            13.790684,
                            51.065995
                        ],
                        [
                            13.790781,
                            51.065211
                        ],
                        [
                            13.790491,
                            51.064302
                        ],
                        [
                            13.790298,
                            51.06408
                        ],
                        [
                            13.790079,
                            51.063343
                        ]
                    ]
                ]
            },
            "properties": {
                "bez": "Neustadt",
                "flaeche_km2": 14.788200000000002,
                "sst": null,
                "sst_klar": null,
                "historie": "akt",
                "aend": "20.03.2025 00:00:00"
            },
            "id": "Neustadt"
        },
        {
            "type": "Feature",
            "geometry": {
                "type": "Polygon",
                "coordinates": [
                    [
                        [
                            13.805716,
                            51.128148
                        ],
                        [
                            13.802482,
                            51.126731
                        ],
                        [
                            13.801457,
                            51.126176
                        ],
                        [
                            13.800271,
                            51.125421
                        ],
                        [
                            13.79905,
                            51.124333
                        ],
                        [
                            13.79791,
                            51.12327
                        ],
                        [
                            13.797309,
                            51.123334
                        ],
                        [
                            13.795602,
                            51.121635
                        ],
                        [
                            13.795409,
                            51.121315
                        ],
                        [
                            13.794345,
                            51.120619
                        ],
                        [
                            13.794357,
                            51.120469
                        ],
                        [
                            13.795426,
                            51.120557
                        ],
                        [
                            13.795555,
                            51.120383
                        ],
                        [
                            13.795203,
                            51.120005
                        ],
                        [
                            13.794568,
                            51.119485
                        ],
                        [
                            13.793713,
                            51.118686
                        ],
                        [
                            13.793132,
                            51.11807
                        ],
                        [
                            13.793226,
                            51.117975
                        ],
                        [
                            13.792802,
                            51.117767
                        ],
                        [
                            13.792488,
                            51.117471
                        ],
                        [
                            13.79096,
                            51.115807
                        ],
                        [
                            13.790709,
                            51.115453
                        ],
                        [
                            13.790465,
                            51.114638
                        ],
                        [
                            13.789822,
                            51.114266
                        ],
                        [
                            13.789222,
                            51.113771
                        ],
                        [
                            13.78928,
                            51.113405
                        ],
                        [
                            13.788498,
                            51.113477
                        ],
                        [
                            13.788088,
                            51.11258
                        ],
                        [
                            13.787849,
                            51.111726
                        ],
                        [
                            13.7878,
                            51.110579
                        ],
                        [
                            13.788079,
                            51.109019
                        ],
                        [
                            13.788392,
                            51.107872
                        ],
                        [
                            13.788732,
                            51.106422
                        ],
                        [
                            13.788777,
                            51.105718
                        ],
                        [
                            13.788715,
                            51.104935
                        ],
                        [
                            13.788475,
                            51.103991
                        ],
                        [
                            13.788081,
                            51.103145
                        ],
                        [
                            13.787588,
                            51.102348
                        ],
                        [
                            13.786737,
                            51.1014
                        ],
                        [
                            13.785845,
                            51.100696
                        ],
                        [
                            13.785154,
                            51.100258
                        ],
                        [
                            13.783768,
                            51.099502
                        ],
                        [
                            13.782722,
                            51.099077
                        ],
                        [
                            13.781092,
                            51.098573
                        ],
                        [
                            13.779961,
                            51.09834
                        ],
                        [
                            13.777257,
                            51.097893
                        ],
                        [
                            13.776393,
                            51.097724
                        ],
                        [
                            13.774758,
                            51.09727
                        ],
                        [
                            13.773983,
                            51.096995
                        ],
                        [
                            13.77266,
                            51.096463
                        ],
                        [
                            13.772535,
                            51.096788
                        ],
                        [
                            13.771236,
                            51.096148
                        ],
                        [
                            13.770009,
                            51.095414
                        ],
                        [
                            13.769149,
                            51.094787
                        ],
                        [
                            13.768072,
                            51.093842
                        ],
                        [
                            13.767603,
                            51.093357
                        ],
                        [
                            13.764655,
                            51.09013
                        ],
                        [
                            13.764691,
                            51.090325
                        ],
                        [
                            13.765778,
                            51.091564
                        ],
                        [
                            13.765911,
                            51.091797
                        ],
                        [
                            13.766123,
                            51.092472
                        ],
                        [
                            13.765991,
                            51.092507
                        ],
                        [
                            13.766238,
                            51.092981
                        ],
                        [
                            13.766545,
                            51.093755
                        ],
                        [
                            13.766574,
                            51.094079
                        ],
                        [
                            13.76691,
                            51.094741
                        ],
                        [
                            13.766559,
                            51.094795
                        ],
                        [
                            13.765925,
                            51.094711
                        ],
                        [
                            13.76582,
                            51.094456
                        ],
                        [
                            13.7653,
                            51.094271
                        ],
                        [
                            13.764308,
                            51.094118
                        ],
                        [
                            13.764001,
                            51.093951
                        ],
                        [
                            13.763206,
                            51.094248
                        ],
                        [
                            13.760721,
                            51.094573
                        ],
                        [
                            13.759386,
                            51.094548
                        ],
                        [
                            13.759092,
                            51.094395
                        ],
                        [
                            13.758867,
                            51.094498
                        ],
                        [
                            13.756957,
                            51.094417
                        ],
                        [
                            13.755212,
                            51.094534
                        ],
                        [
                            13.75476,
                            51.094317
                        ],
                        [
                            13.754612,
                            51.094375
                        ],
                        [
                            13.753931,
                            51.093697
                        ],
                        [
                            13.753823,
                            51.093408
                        ],
                        [
                            13.753995,
                            51.092786
                        ],
                        [
                            13.754007,
                            51.092416
                        ],
                        [
                            13.754144,
                            51.092372
                        ],
                        [
                            13.753502,
                            51.091702
                        ],
                        [
                            13.753639,
                            51.09165
                        ],
                        [
                            13.753015,
                            51.090997
                        ],
                        [
                            13.752403,
                            51.091234
                        ],
                        [
                            13.751945,
                            51.091177
                        ],
                        [
                            13.751794,
                            51.09101
                        ],
                        [
                            13.750871,
                            51.091024
                        ],
                        [
                            13.75026,
                            51.091133
                        ],
                        [
                            13.749509,
                            51.090978
                        ],
                        [
                            13.748306,
                            51.091063
                        ],
                        [
                            13.747249,
                            51.09124
                        ],
                        [
                            13.746938,
                            51.091419
                        ],
                        [
                            13.746476,
                            51.091457
                        ],
                        [
                            13.746194,
                            51.091359
                        ],
                        [
                            13.743402,
                            51.090201
                        ],
                        [
                            13.742607,
                            51.089893
                        ],
                        [
                            13.742179,
                            51.089646
                        ],
                        [
                            13.740318,
                            51.090601
                        ],
                        [
                            13.739784,
                            51.091088
                        ],
                        [
                            13.739495,
                            51.091698
                        ],
                        [
                            13.73911,
                            51.092176
                        ],
                        [
                            13.738199,
                            51.092821
                        ],
                        [
                            13.737359,
                            51.093187
                        ],
                        [
                            13.736119,
                            51.093431
                        ],
                        [
                            13.735272,
                            51.093712
                        ],
                        [
                            13.734702,
                            51.094109
                        ],
                        [
                            13.732846,
                            51.096035
                        ],
                        [
                            13.732345,
                            51.096642
                        ],
                        [
                            13.731735,
                            51.097831
                        ],
                        [
                            13.730764,
                            51.098976
                        ],
                        [
                            13.730562,
                            51.099096
                        ],
                        [
                            13.728779,
                            51.099186
                        ],
                        [
                            13.728773,
                            51.099085
                        ],
                        [
                            13.728197,
                            51.098841
                        ],
                        [
                            13.727548,
                            51.097563
                        ],
                        [
                            13.727443,
                            51.09715
                        ],
                        [
                            13.726577,
                            51.097234
                        ],
                        [
                            13.72575,
                            51.09737
                        ],
                        [
                            13.72344,
                            51.097697
                        ],
                        [
                            13.722347,
                            51.097706
                        ],
                        [
                            13.722645,
                            51.098784
                        ],
                        [
                            13.72249,
                            51.098835
                        ],
                        [
                            13.723372,
                            51.100393
                        ],
                        [
                            13.72313,
                            51.100445
                        ],
                        [
                            13.720614,
                            51.10287
                        ],
                        [
                            13.716936,
                            51.102019
                        ],
                        [
                            13.71617,
                            51.10198
                        ],
                        [
                            13.715729,
                            51.10188
                        ],
                        [
                            13.715106,
                            51.101606
                        ],
                        [
                            13.713557,
                            51.10124
                        ],
                        [
                            13.712477,
                            51.102423
                        ],
                        [
                            13.711676,
                            51.103263
                        ],
                        [
                            13.710578,
                            51.104486
                        ],
                        [
                            13.709106,
                            51.106081
                        ],
                        [
                            13.708681,
                            51.106375
                        ],
                        [
                            13.707633,
                            51.106973
                        ],
                        [
                            13.704852,
                            51.108605
                        ],
                        [
                            13.705017,
                            51.108613
                        ],
                        [
                            13.702752,
                            51.110049
                        ],
                        [
                            13.703226,
                            51.110165
                        ],
                        [
                            13.703478,
                            51.110562
                        ],
                        [
                            13.704151,
                            51.111045
                        ],
                        [
                            13.704824,
                            51.11107
                        ],
                        [
                            13.707732,
                            51.11184
                        ],
                        [
                            13.707948,
                            51.112015
                        ],
                        [
                            13.707888,
                            51.112654
                        ],
                        [
                            13.707615,
                            51.11295
                        ],
                        [
                            13.707454,
                            51.113356
                        ],
                        [
                            13.706919,
                            51.113598
                        ],
                        [
                            13.707161,
                            51.114416
                        ],
                        [
                            13.707211,
                            51.115366
                        ],
                        [
                            13.707182,
                            51.11585
                        ],
                        [
                            13.706994,
                            51.116187
                        ],
                        [
                            13.707042,
                            51.116669
                        ],
                        [
                            13.70739,
                            51.117315
                        ],
                        [
                            13.707322,
                            51.11799
                        ],
                        [
                            13.70757,
                            51.118523
                        ],
                        [
                            13.708546,
                            51.120096
                        ],
                        [
                            13.709117,
                            51.121167
                        ],
                        [
                            13.709387,
                            51.121584
                        ],
                        [
                            13.710391,
                            51.122812
                        ],
                        [
                            13.708798,
                            51.123183
                        ],
                        [
                            13.710117,
                            51.125059
                        ],
                        [
                            13.710363,
                            51.125576
                        ],
                        [
                            13.710858,
                            51.125493
                        ],
                        [
                            13.711453,
                            51.125634
                        ],
                        [
                            13.71165,
                            51.12587
                        ],
                        [
                            13.711749,
                            51.126262
                        ],
                        [
                            13.711963,
                            51.127726
                        ],
                        [
                            13.712075,
                            51.128041
                        ],
                        [
                            13.712588,
                            51.128938
                        ],
                        [
                            13.711735,
                            51.129151
                        ],
                        [
                            13.711823,
                            51.12927
                        ],
                        [
                            13.713596,
                            51.130817
                        ],
                        [
                            13.712859,
                            51.131368
                        ],
                        [
                            13.71333,
                            51.131826
                        ],
                        [
                            13.713455,
                            51.132243
                        ],
                        [
                            13.712989,
                            51.132413
                        ],
                        [
                            13.712757,
                            51.132594
                        ],
                        [
                            13.712532,
                            51.133357
                        ],
                        [
                            13.712865,
                            51.134082
                        ],
                        [
                            13.713905,
                            51.134459
                        ],
                        [
                            13.714934,
                            51.134641
                        ],
                        [
                            13.716356,
                            51.135041
                        ],
                        [
                            13.716938,
                            51.135415
                        ],
                        [
                            13.717455,
                            51.13566
                        ],
                        [
                            13.718116,
                            51.136149
                        ],
                        [
                            13.718481,
                            51.136869
                        ],
                        [
                            13.718615,
                            51.137244
                        ],
                        [
                            13.718501,
                            51.137484
                        ],
                        [
                            13.719117,
                            51.138141
                        ],
                        [
                            13.719477,
                            51.138586
                        ],
                        [
                            13.720693,
                            51.13995
                        ],
                        [
                            13.721065,
                            51.139813
                        ],
                        [
                            13.722002,
                            51.13981
                        ],
                        [
                            13.722942,
                            51.139636
                        ],
                        [
                            13.724717,
                            51.139086
                        ],
                        [
                            13.726082,
                            51.138752
                        ],
                        [
                            13.726771,
                            51.138547
                        ],
                        [
                            13.727901,
                            51.13804
                        ],
                        [
                            13.728566,
                            51.137969
                        ],
                        [
                            13.729689,
                            51.137724
                        ],
                        [
                            13.731289,
                            51.137191
                        ],
                        [
                            13.731565,
                            51.137136
                        ],
                        [
                            13.73405,
                            51.136866
                        ],
                        [
                            13.736006,
                            51.136473
                        ],
                        [
                            13.73679,
                            51.136009
                        ],
                        [
                            13.736531,
                            51.135424
                        ],
                        [
                            13.736475,
                            51.134842
                        ],
                        [
                            13.73661,
                            51.134688
                        ],
                        [
                            13.737207,
                            51.134472
                        ],
                        [
                            13.738468,
                            51.134202
                        ],
                        [
                            13.739151,
                            51.133828
                        ],
                        [
                            13.739406,
                            51.133756
                        ],
                        [
                            13.741382,
                            51.1337
                        ],
                        [
                            13.742069,
                            51.133332
                        ],
                        [
                            13.743568,
                            51.134614
                        ],
                        [
                            13.744198,
                            51.135054
                        ],
                        [
                            13.745762,
                            51.136
                        ],
                        [
                            13.746074,
                            51.136051
                        ],
                        [
                            13.748263,
                            51.137699
                        ],
                        [
                            13.748632,
                            51.137435
                        ],
                        [
                            13.749039,
                            51.1373
                        ],
                        [
                            13.749333,
                            51.136836
                        ],
                        [
                            13.749657,
                            51.13662
                        ],
                        [
                            13.75013,
                            51.136531
                        ],
                        [
                            13.750681,
                            51.136542
                        ],
                        [
                            13.751448,
                            51.136392
                        ],
                        [
                            13.751575,
                            51.136017
                        ],
                        [
                            13.752402,
                            51.135694
                        ],
                        [
                            13.753263,
                            51.136094
                        ],
                        [
                            13.754025,
                            51.135989
                        ],
                        [
                            13.754507,
                            51.135634
                        ],
                        [
                            13.754545,
                            51.134772
                        ],
                        [
                            13.755796,
                            51.134376
                        ],
                        [
                            13.756269,
                            51.134758
                        ],
                        [
                            13.756397,
                            51.134989
                        ],
                        [
                            13.756214,
                            51.135335
                        ],
                        [
                            13.755364,
                            51.135898
                        ],
                        [
                            13.756091,
                            51.136618
                        ],
                        [
                            13.756003,
                            51.137457
                        ],
                        [
                            13.754931,
                            51.13809
                        ],
                        [
                            13.756019,
                            51.138772
                        ],
                        [
                            13.756182,
                            51.13868
                        ],
                        [
                            13.756774,
                            51.138021
                        ],
                        [
                            13.757455,
                            51.137476
                        ],
                        [
                            13.758198,
                            51.137329
                        ],
                        [
                            13.759167,
                            51.137359
                        ],
                        [
                            13.760083,
                            51.137255
                        ],
                        [
                            13.760893,
                            51.13742
                        ],
                        [
                            13.761324,
                            51.137367
                        ],
                        [
                            13.762512,
                            51.136737
                        ],
                        [
                            13.762953,
                            51.136666
                        ],
                        [
                            13.763004,
                            51.136368
                        ],
                        [
                            13.763566,
                            51.13577
                        ],
                        [
                            13.76356,
                            51.135652
                        ],
                        [
                            13.763918,
                            51.135413
                        ],
                        [
                            13.76466,
                            51.135318
                        ],
                        [
                            13.765091,
                            51.135189
                        ],
                        [
                            13.765611,
                            51.135646
                        ],
                        [
                            13.768244,
                            51.13759
                        ],
                        [
                            13.769186,
                            51.138425
                        ],
                        [
                            13.770115,
                            51.139204
                        ],
                        [
                            13.770605,
                            51.138969
                        ],
                        [
                            13.77149,
                            51.139614
                        ],
                        [
                            13.772636,
                            51.140376
                        ],
                        [
                            13.773035,
                            51.140592
                        ],
                        [
                            13.772834,
                            51.141
                        ],
                        [
                            13.773647,
                            51.141484
                        ],
                        [
                            13.774142,
                            51.141696
                        ],
                        [
                            13.775113,
                            51.142023
                        ],
                        [
                            13.777569,
                            51.143708
                        ],
                        [
                            13.781417,
                            51.146366
                        ],
                        [
                            13.782542,
                            51.146363
                        ],
                        [
                            13.783023,
                            51.146243
                        ],
                        [
                            13.783816,
                            51.146235
                        ],
                        [
                            13.784577,
                            51.146278
                        ],
                        [
                            13.788239,
                            51.146163
                        ],
                        [
                            13.788667,
                            51.146116
                        ],
                        [
                            13.789098,
                            51.14617
                        ],
                        [
                            13.790215,
                            51.146491
                        ],
                        [
                            13.790272,
                            51.146408
                        ],
                        [
                            13.789524,
                            51.145443
                        ],
                        [
                            13.789055,
                            51.144749
                        ],
                        [
                            13.787976,
                            51.143458
                        ],
                        [
                            13.786682,
                            51.143084
                        ],
                        [
                            13.785785,
                            51.142864
                        ],
                        [
                            13.784641,
                            51.14219
                        ],
                        [
                            13.78307,
                            51.141166
                        ],
                        [
                            13.786988,
                            51.139261
                        ],
                        [
                            13.785939,
                            51.138516
                        ],
                        [
                            13.785154,
                            51.13782
                        ],
                        [
                            13.78419,
                            51.13718
                        ],
                        [
                            13.783081,
                            51.1366
                        ],
                        [
                            13.782,
                            51.136212
                        ],
                        [
                            13.781776,
                            51.136017
                        ],
                        [
                            13.782989,
                            51.135571
                        ],
                        [
                            13.783569,
                            51.135175
                        ],
                        [
                            13.784016,
                            51.134716
                        ],
                        [
                            13.784498,
                            51.134669
                        ],
                        [
                            13.785899,
                            51.133037
                        ],
                        [
                            13.78514,
                            51.132789
                        ],
                        [
                            13.784467,
                            51.132439
                        ],
                        [
                            13.783511,
                            51.131748
                        ],
                        [
                            13.783789,
                            51.131532
                        ],
                        [
                            13.784824,
                            51.131108
                        ],
                        [
                            13.78553,
                            51.13065
                        ],
                        [
                            13.786534,
                            51.130132
                        ],
                        [
                            13.786928,
                            51.130586
                        ],
                        [
                            13.787956,
                            51.131588
                        ],
                        [
                            13.788947,
                            51.132279
                        ],
                        [
                            13.790484,
                            51.133068
                        ],
                        [
                            13.794363,
                            51.132622
                        ],
                        [
                            13.794293,
                            51.132411
                        ],
                        [
                            13.794752,
                            51.132358
                        ],
                        [
                            13.794915,
                            51.132924
                        ],
                        [
                            13.79651,
                            51.133882
                        ],
                        [
                            13.797701,
                            51.134794
                        ],
                        [
                            13.798024,
                            51.134588
                        ],
                        [
                            13.798373,
                            51.134794
                        ],
                        [
                            13.798004,
                            51.135024
                        ],
                        [
                            13.798716,
                            51.135445
                        ],
                        [
                            13.800661,
                            51.136967
                        ],
                        [
                            13.800981,
                            51.136924
                        ],
                        [
                            13.801559,
                            51.136469
                        ],
                        [
                            13.802252,
                            51.135801
                        ],
                        [
                            13.801856,
                            51.134793
                        ],
                        [
                            13.801709,
                            51.133396
                        ],
                        [
                            13.803804,
                            51.132735
                        ],
                        [
                            13.804871,
                            51.133473
                        ],
                        [
                            13.806398,
                            51.132162
                        ],
                        [
                            13.807169,
                            51.131346
                        ],
                        [
                            13.806953,
                            51.13108
                        ],
                        [
                            13.807427,
                            51.130618
                        ],
                        [
                            13.807541,
                            51.130118
                        ],
                        [
                            13.807345,
                            51.129664
                        ],
                        [
                            13.806974,
                            51.129259
                        ],
                        [
                            13.806257,
                            51.128791
                        ],
                        [
                            13.806476,
                            51.128631
                        ],
                        [
                            13.804846,
                            51.127895
                        ],
                        [
                            13.805716,
                            51.128148
                        ]
                    ]
                ]
            },
            "properties": {
                "bez": "Klotzsche",
                "flaeche_km2": 27.0697,
                "sst": null,
                "sst_klar": null,
                "historie": "akt",
                "aend": "20.03.2025 00:00:00"
            },
            "id": "Klotzsche"
        },
        {
            "type": "Feature",
            "geometry": {
                "type": "Polygon",
                "coordinates": [
                    [
                        [
                            13.742179,
                            51.089646
                        ],
                        [
                            13.742091,
                            51.089626
                        ],
                        [
                            13.739277,
                            51.088434
                        ],
                        [
                            13.738044,
                            51.087927
                        ],
                        [
                            13.737709,
                            51.087743
                        ],
                        [
                            13.737324,
                            51.086619
                        ],
                        [
                            13.737175,
                            51.085875
                        ],
                        [
                            13.737281,
                            51.085445
                        ],
                        [
                            13.737478,
                            51.085137
                        ],
                        [
                            13.738461,
                            51.08422
                        ],
                        [
                            13.739042,
                            51.083466
                        ],
                        [
                            13.739347,
                            51.082707
                        ],
                        [
                            13.739402,
                            51.082319
                        ],
                        [
                            13.739373,
                            51.078678
                        ],
                        [
                            13.739318,
                            51.078395
                        ],
                        [
                            13.739259,
                            51.077402
                        ],
                        [
                            13.73912,
                            51.076425
                        ],
                        [
                            13.739059,
                            51.073971
                        ],
                        [
                            13.738819,
                            51.073823
                        ],
                        [
                            13.736976,
                            51.0732
                        ],
                        [
                            13.736735,
                            51.072912
                        ],
                        [
                            13.735836,
                            51.072618
                        ],
                        [
                            13.735092,
                            51.072596
                        ],
                        [
                            13.734278,
                            51.072372
                        ],
                        [
                            13.731227,
                            51.071129
                        ],
                        [
                            13.729562,
                            51.070474
                        ],
                        [
                            13.728822,
                            51.070147
                        ],
                        [
                            13.728758,
                            51.070054
                        ],
                        [
                            13.72682,
                            51.0693
                        ],
                        [
                            13.726298,
                            51.069002
                        ],
                        [
                            13.725434,
                            51.068602
                        ],
                        [
                            13.724534,
                            51.069268
                        ],
                        [
                            13.723839,
                            51.069658
                        ],
                        [
                            13.721944,
                            51.071163
                        ],
                        [
                            13.721003,
                            51.072156
                        ],
                        [
                            13.720715,
                            51.072697
                        ],
                        [
                            13.720197,
                            51.073384
                        ],
                        [
                            13.719405,
                            51.074332
                        ],
                        [
                            13.718401,
                            51.075233
                        ],
                        [
                            13.71755,
                            51.075755
                        ],
                        [
                            13.716343,
                            51.076236
                        ],
                        [
                            13.715493,
                            51.076442
                        ],
                        [
                            13.714825,
                            51.076548
                        ],
                        [
                            13.713715,
                            51.076625
                        ],
                        [
                            13.712589,
                            51.076663
                        ],
                        [
                            13.710861,
                            51.076518
                        ],
                        [
                            13.70986,
                            51.076358
                        ],
                        [
                            13.708291,
                            51.075982
                        ],
                        [
                            13.707494,
                            51.075725
                        ],
                        [
                            13.706164,
                            51.075233
                        ],
                        [
                            13.704624,
                            51.074566
                        ],
                        [
                            13.703661,
                            51.074065
                        ],
                        [
                            13.702717,
                            51.073493
                        ],
                        [
                            13.702261,
                            51.073014
                        ],
                        [
                            13.701763,
                            51.072261
                        ],
                        [
                            13.701496,
                            51.071556
                        ],
                        [
                            13.70131,
                            51.070802
                        ],
                        [
                            13.701119,
                            51.0704
                        ],
                        [
                            13.700881,
                            51.069658
                        ],
                        [
                            13.700224,
                            51.068139
                        ],
                        [
                            13.699529,
                            51.067162
                        ],
                        [
                            13.698973,
                            51.066566
                        ],
                        [
                            13.698321,
                            51.066115
                        ],
                        [
                            13.69694,
                            51.065358
                        ],
                        [
                            13.695738,
                            51.06497
                        ],
                        [
                            13.694775,
                            51.064867
                        ],
                        [
                            13.692995,
                            51.064616
                        ],
                        [
                            13.688842,
                            51.064128
                        ],
                        [
                            13.686887,
                            51.063932
                        ],
                        [
                            13.685406,
                            51.063817
                        ],
                        [
                            13.684034,
                            51.063805
                        ],
                        [
                            13.682919,
                            51.063884
                        ],
                        [
                            13.681493,
                            51.064201
                        ],
                        [
                            13.680641,
                            51.064518
                        ],
                        [
                            13.679805,
                            51.064903
                        ],
                        [
                            13.678545,
                            51.065596
                        ],
                        [
                            13.677631,
                            51.066203
                        ],
                        [
                            13.67614,
                            51.067622
                        ],
                        [
                            13.674745,
                            51.069059
                        ],
                        [
                            13.674219,
                            51.069899
                        ],
                        [
                            13.673778,
                            51.070721
                        ],
                        [
                            13.672983,
                            51.072467
                        ],
                        [
                            13.672783,
                            51.07307
                        ],
                        [
                            13.671449,
                            51.076262
                        ],
                        [
                            13.670867,
                            51.07756
                        ],
                        [
                            13.670564,
                            51.078169
                        ],
                        [
                            13.670105,
                            51.078734
                        ],
                        [
                            13.669748,
                            51.079364
                        ],
                        [
                            13.668948,
                            51.080597
                        ],
                        [
                            13.667795,
                            51.082474
                        ],
                        [
                            13.665478,
                            51.086331
                        ],
                        [
                            13.664782,
                            51.087279
                        ],
                        [
                            13.663888,
                            51.088212
                        ],
                        [
                            13.663387,
                            51.088652
                        ],
                        [
                            13.662577,
                            51.089269
                        ],
                        [
                            13.661192,
                            51.090141
                        ],
                        [
                            13.661752,
                            51.090535
                        ],
                        [
                            13.662035,
                            51.090545
                        ],
                        [
                            13.662726,
                            51.090245
                        ],
                        [
                            13.662799,
                            51.090308
                        ],
                        [
                            13.661366,
                            51.091301
                        ],
                        [
                            13.660816,
                            51.091647
                        ],
                        [
                            13.659001,
                            51.092513
                        ],
                        [
                            13.658624,
                            51.092787
                        ],
                        [
                            13.659816,
                            51.093353
                        ],
                        [
                            13.659971,
                            51.093305
                        ],
                        [
                            13.660783,
                            51.093482
                        ],
                        [
                            13.662175,
                            51.093736
                        ],
                        [
                            13.663641,
                            51.093859
                        ],
                        [
                            13.663781,
                            51.093412
                        ],
                        [
                            13.66491,
                            51.093547
                        ],
                        [
                            13.667399,
                            51.093698
                        ],
                        [
                            13.667761,
                            51.093689
                        ],
                        [
                            13.666794,
                            51.094138
                        ],
                        [
                            13.667253,
                            51.0945
                        ],
                        [
                            13.668325,
                            51.095101
                        ],
                        [
                            13.669926,
                            51.095449
                        ],
                        [
                            13.670933,
                            51.095571
                        ],
                        [
                            13.671936,
                            51.095642
                        ],
                        [
                            13.672899,
                            51.095516
                        ],
                        [
                            13.673744,
                            51.095571
                        ],
                        [
                            13.673648,
                            51.095174
                        ],
                        [
                            13.675042,
                            51.094666
                        ],
                        [
                            13.675736,
                            51.094341
                        ],
                        [
                            13.677018,
                            51.093581
                        ],
                        [
                            13.678193,
                            51.092916
                        ],
                        [
                            13.679797,
                            51.092293
                        ],
                        [
                            13.680811,
                            51.091856
                        ],
                        [
                            13.681303,
                            51.091557
                        ],
                        [
                            13.683402,
                            51.090434
                        ],
                        [
                            13.683901,
                            51.089991
                        ],
                        [
                            13.685064,
                            51.089336
                        ],
                        [
                            13.686406,
                            51.090191
                        ],
                        [
                            13.686963,
                            51.089839
                        ],
                        [
                            13.688685,
                            51.088847
                        ],
                        [
                            13.689154,
                            51.088512
                        ],
                        [
                            13.689754,
                            51.088972
                        ],
                        [
                            13.689133,
                            51.08933
                        ],
                        [
                            13.689295,
                            51.089432
                        ],
                        [
                            13.689947,
                            51.090688
                        ],
                        [
                            13.690078,
                            51.090864
                        ],
                        [
                            13.689662,
                            51.090984
                        ],
                        [
                            13.689636,
                            51.091111
                        ],
                        [
                            13.689059,
                            51.091283
                        ],
                        [
                            13.689746,
                            51.092344
                        ],
                        [
                            13.690813,
                            51.091956
                        ],
                        [
                            13.690979,
                            51.09207
                        ],
                        [
                            13.691198,
                            51.093285
                        ],
                        [
                            13.691178,
                            51.093788
                        ],
                        [
                            13.691509,
                            51.093705
                        ],
                        [
                            13.692116,
                            51.093382
                        ],
                        [
                            13.698026,
                            51.091184
                        ],
                        [
                            13.700127,
                            51.090659
                        ],
                        [
                            13.700125,
                            51.09111
                        ],
                        [
                            13.70099,
                            51.091211
                        ],
                        [
                            13.700862,
                            51.091451
                        ],
                        [
                            13.701043,
                            51.09156
                        ],
                        [
                            13.697865,
                            51.093875
                        ],
                        [
                            13.698931,
                            51.094472
                        ],
                        [
                            13.694405,
                            51.097681
                        ],
                        [
                            13.694555,
                            51.097744
                        ],
                        [
                            13.692799,
                            51.098603
                        ],
                        [
                            13.691807,
                            51.097802
                        ],
                        [
                            13.688262,
                            51.099513
                        ],
                        [
                            13.688235,
                            51.099639
                        ],
                        [
                            13.688642,
                            51.099977
                        ],
                        [
                            13.689359,
                            51.10009
                        ],
                        [
                            13.691126,
                            51.100116
                        ],
                        [
                            13.691501,
                            51.101053
                        ],
                        [
                            13.691862,
                            51.101665
                        ],
                        [
                            13.691823,
                            51.101862
                        ],
                        [
                            13.692161,
                            51.101887
                        ],
                        [
                            13.692369,
                            51.102062
                        ],
                        [
                            13.693295,
                            51.102098
                        ],
                        [
                            13.693257,
                            51.102502
                        ],
                        [
                            13.692747,
                            51.102483
                        ],
                        [
                            13.693113,
                            51.102906
                        ],
                        [
                            13.693278,
                            51.1033
                        ],
                        [
                            13.694754,
                            51.103409
                        ],
                        [
                            13.695194,
                            51.103991
                        ],
                        [
                            13.695588,
                            51.104876
                        ],
                        [
                            13.695622,
                            51.105515
                        ],
                        [
                            13.694958,
                            51.105469
                        ],
                        [
                            13.694892,
                            51.105954
                        ],
                        [
                            13.694921,
                            51.106409
                        ],
                        [
                            13.694483,
                            51.107707
                        ],
                        [
                            13.694109,
                            51.108385
                        ],
                        [
                            13.692876,
                            51.108416
                        ],
                        [
                            13.692285,
                            51.108289
                        ],
                        [
                            13.691924,
                            51.109247
                        ],
                        [
                            13.691733,
                            51.110147
                        ],
                        [
                            13.691883,
                            51.110475
                        ],
                        [
                            13.691906,
                            51.111012
                        ],
                        [
                            13.694362,
                            51.111671
                        ],
                        [
                            13.695991,
                            51.112463
                        ],
                        [
                            13.696229,
                            51.11334
                        ],
                        [
                            13.696927,
                            51.113575
                        ],
                        [
                            13.697473,
                            51.113489
                        ],
                        [
                            13.698476,
                            51.113182
                        ],
                        [
                            13.699203,
                            51.113665
                        ],
                        [
                            13.699469,
                            51.113941
                        ],
                        [
                            13.700403,
                            51.11463
                        ],
                        [
                            13.700728,
                            51.11453
                        ],
                        [
                            13.700985,
                            51.113898
                        ],
                        [
                            13.701172,
                            51.111839
                        ],
                        [
                            13.701236,
                            51.111551
                        ],
                        [
                            13.701677,
                            51.11094
                        ],
                        [
                            13.702515,
                            51.11002
                        ],
                        [
                            13.703515,
                            51.109342
                        ],
                        [
                            13.704705,
                            51.108598
                        ],
                        [
                            13.704852,
                            51.108605
                        ],
                        [
                            13.707633,
                            51.106973
                        ],
                        [
                            13.708681,
                            51.106375
                        ],
                        [
                            13.709106,
                            51.106081
                        ],
                        [
                            13.710578,
                            51.104486
                        ],
                        [
                            13.711676,
                            51.103263
                        ],
                        [
                            13.712477,
                            51.102423
                        ],
                        [
                            13.713557,
                            51.10124
                        ],
                        [
                            13.715106,
                            51.101606
                        ],
                        [
                            13.715729,
                            51.10188
                        ],
                        [
                            13.71617,
                            51.10198
                        ],
                        [
                            13.716936,
                            51.102019
                        ],
                        [
                            13.720614,
                            51.10287
                        ],
                        [
                            13.72313,
                            51.100445
                        ],
                        [
                            13.723372,
                            51.100393
                        ],
                        [
                            13.72249,
                            51.098835
                        ],
                        [
                            13.722645,
                            51.098784
                        ],
                        [
                            13.722347,
                            51.097706
                        ],
                        [
                            13.72344,
                            51.097697
                        ],
                        [
                            13.72575,
                            51.09737
                        ],
                        [
                            13.726577,
                            51.097234
                        ],
                        [
                            13.727443,
                            51.09715
                        ],
                        [
                            13.727548,
                            51.097563
                        ],
                        [
                            13.728197,
                            51.098841
                        ],
                        [
                            13.728773,
                            51.099085
                        ],
                        [
                            13.728779,
                            51.099186
                        ],
                        [
                            13.730562,
                            51.099096
                        ],
                        [
                            13.730764,
                            51.098976
                        ],
                        [
                            13.731735,
                            51.097831
                        ],
                        [
                            13.732345,
                            51.096642
                        ],
                        [
                            13.732846,
                            51.096035
                        ],
                        [
                            13.734702,
                            51.094109
                        ],
                        [
                            13.735272,
                            51.093712
                        ],
                        [
                            13.736119,
                            51.093431
                        ],
                        [
                            13.737359,
                            51.093187
                        ],
                        [
                            13.738199,
                            51.092821
                        ],
                        [
                            13.73911,
                            51.092176
                        ],
                        [
                            13.739495,
                            51.091698
                        ],
                        [
                            13.739784,
                            51.091088
                        ],
                        [
                            13.740318,
                            51.090601
                        ],
                        [
                            13.742179,
                            51.089646
                        ]
                    ]
                ]
            },
            "properties": {
                "bez": "Pieschen",
                "flaeche_km2": 16.2083,
                "sst": null,
                "sst_klar": null,
                "historie": "akt",
                "aend": "20.03.2025 00:00:00"
            },
            "id": "Pieschen"
        },
        {
            "type": "Feature",
            "geometry": {
                "type": "Polygon",
                "coordinates": [
                    [
                        [
                            13.65435,
                            51.034827
                        ],
                        [
                            13.654375,
                            51.0351
                        ],
                        [
                            13.653414,
                            51.035818
                        ],
                        [
                            13.652414,
                            51.036648
                        ],
                        [
                            13.652241,
                            51.037252
                        ],
                        [
                            13.652221,
                            51.037554
                        ],
                        [
                            13.651686,
                            51.037702
                        ],
                        [
                            13.650533,
                            51.037818
                        ],
                        [
                            13.649907,
                            51.037769
                        ],
                        [
                            13.649293,
                            51.037586
                        ],
                        [
                            13.64876,
                            51.037491
                        ],
                        [
                            13.647758,
                            51.038868
                        ],
                        [
                            13.64692,
                            51.039955
                        ],
                        [
                            13.647107,
                            51.040247
                        ],
                        [
                            13.648602,
                            51.040616
                        ],
                        [
                            13.648949,
                            51.040798
                        ],
                        [
                            13.649649,
                            51.041665
                        ],
                        [
                            13.650352,
                            51.04287
                        ],
                        [
                            13.65043,
                            51.043205
                        ],
                        [
                            13.650425,
                            51.043695
                        ],
                        [
                            13.650268,
                            51.044438
                        ],
                        [
                            13.649816,
                            51.045578
                        ],
                        [
                            13.649796,
                            51.045738
                        ],
                        [
                            13.650636,
                            51.045918
                        ],
                        [
                            13.65094,
                            51.046178
                        ],
                        [
                            13.649337,
                            51.049054
                        ],
                        [
                            13.649899,
                            51.049152
                        ],
                        [
                            13.651273,
                            51.049524
                        ],
                        [
                            13.650874,
                            51.050482
                        ],
                        [
                            13.650624,
                            51.051204
                        ],
                        [
                            13.649873,
                            51.052902
                        ],
                        [
                            13.649293,
                            51.054853
                        ],
                        [
                            13.648828,
                            51.055832
                        ],
                        [
                            13.648595,
                            51.056609
                        ],
                        [
                            13.64813,
                            51.057465
                        ],
                        [
                            13.647583,
                            51.058971
                        ],
                        [
                            13.647238,
                            51.060207
                        ],
                        [
                            13.646158,
                            51.06111
                        ],
                        [
                            13.64626,
                            51.061313
                        ],
                        [
                            13.646045,
                            51.061492
                        ],
                        [
                            13.645858,
                            51.062084
                        ],
                        [
                            13.645581,
                            51.062654
                        ],
                        [
                            13.645632,
                            51.063051
                        ],
                        [
                            13.645867,
                            51.063297
                        ],
                        [
                            13.646233,
                            51.063462
                        ],
                        [
                            13.647536,
                            51.063603
                        ],
                        [
                            13.64944,
                            51.064167
                        ],
                        [
                            13.649842,
                            51.064153
                        ],
                        [
                            13.650189,
                            51.064013
                        ],
                        [
                            13.651014,
                            51.06395
                        ],
                        [
                            13.652606,
                            51.063896
                        ],
                        [
                            13.652592,
                            51.063985
                        ],
                        [
                            13.653133,
                            51.06422
                        ],
                        [
                            13.653791,
                            51.064985
                        ],
                        [
                            13.654079,
                            51.065083
                        ],
                        [
                            13.654339,
                            51.065352
                        ],
                        [
                            13.654853,
                            51.06561
                        ],
                        [
                            13.653498,
                            51.066616
                        ],
                        [
                            13.653196,
                            51.066632
                        ],
                        [
                            13.653581,
                            51.067524
                        ],
                        [
                            13.653621,
                            51.067757
                        ],
                        [
                            13.653976,
                            51.067934
                        ],
                        [
                            13.654361,
                            51.070041
                        ],
                        [
                            13.654682,
                            51.071196
                        ],
                        [
                            13.655368,
                            51.070932
                        ],
                        [
                            13.655831,
                            51.07144
                        ],
                        [
                            13.656864,
                            51.072697
                        ],
                        [
                            13.657438,
                            51.073609
                        ],
                        [
                            13.658388,
                            51.073389
                        ],
                        [
                            13.659059,
                            51.074353
                        ],
                        [
                            13.659271,
                            51.07482
                        ],
                        [
                            13.659537,
                            51.075825
                        ],
                        [
                            13.658864,
                            51.076063
                        ],
                        [
                            13.658878,
                            51.076199
                        ],
                        [
                            13.658314,
                            51.076281
                        ],
                        [
                            13.658106,
                            51.076557
                        ],
                        [
                            13.656995,
                            51.077096
                        ],
                        [
                            13.656518,
                            51.077269
                        ],
                        [
                            13.655896,
                            51.077626
                        ],
                        [
                            13.655077,
                            51.077971
                        ],
                        [
                            13.653963,
                            51.078372
                        ],
                        [
                            13.651844,
                            51.07926
                        ],
                        [
                            13.651472,
                            51.079266
                        ],
                        [
                            13.650596,
                            51.079579
                        ],
                        [
                            13.649584,
                            51.08019
                        ],
                        [
                            13.649592,
                            51.080263
                        ],
                        [
                            13.647642,
                            51.08066
                        ],
                        [
                            13.646423,
                            51.080822
                        ],
                        [
                            13.646655,
                            51.081292
                        ],
                        [
                            13.647669,
                            51.081122
                        ],
                        [
                            13.648852,
                            51.081106
                        ],
                        [
                            13.650046,
                            51.08327
                        ],
                        [
                            13.650125,
                            51.083345
                        ],
                        [
                            13.649526,
                            51.083642
                        ],
                        [
                            13.652163,
                            51.08758
                        ],
                        [
                            13.653155,
                            51.087291
                        ],
                        [
                            13.654135,
                            51.086946
                        ],
                        [
                            13.654949,
                            51.086589
                        ],
                        [
                            13.655804,
                            51.086145
                        ],
                        [
                            13.657293,
                            51.087175
                        ],
                        [
                            13.657275,
                            51.087328
                        ],
                        [
                            13.658349,
                            51.087892
                        ],
                        [
                            13.659299,
                            51.088537
                        ],
                        [
                            13.659531,
                            51.088398
                        ],
                        [
                            13.660934,
                            51.089204
                        ],
                        [
                            13.661658,
                            51.088772
                        ],
                        [
                            13.662577,
                            51.089269
                        ],
                        [
                            13.663387,
                            51.088652
                        ],
                        [
                            13.663888,
                            51.088212
                        ],
                        [
                            13.664782,
                            51.087279
                        ],
                        [
                            13.665478,
                            51.086331
                        ],
                        [
                            13.667795,
                            51.082474
                        ],
                        [
                            13.668948,
                            51.080597
                        ],
                        [
                            13.669748,
                            51.079364
                        ],
                        [
                            13.670105,
                            51.078734
                        ],
                        [
                            13.670564,
                            51.078169
                        ],
                        [
                            13.670867,
                            51.07756
                        ],
                        [
                            13.671449,
                            51.076262
                        ],
                        [
                            13.672783,
                            51.07307
                        ],
                        [
                            13.672983,
                            51.072467
                        ],
                        [
                            13.673778,
                            51.070721
                        ],
                        [
                            13.674219,
                            51.069899
                        ],
                        [
                            13.674745,
                            51.069059
                        ],
                        [
                            13.67614,
                            51.067622
                        ],
                        [
                            13.677631,
                            51.066203
                        ],
                        [
                            13.678545,
                            51.065596
                        ],
                        [
                            13.679805,
                            51.064903
                        ],
                        [
                            13.680641,
                            51.064518
                        ],
                        [
                            13.681493,
                            51.064201
                        ],
                        [
                            13.682919,
                            51.063884
                        ],
                        [
                            13.684034,
                            51.063805
                        ],
                        [
                            13.685406,
                            51.063817
                        ],
                        [
                            13.686887,
                            51.063932
                        ],
                        [
                            13.686993,
                            51.063406
                        ],
                        [
                            13.686432,
                            51.063355
                        ],
                        [
                            13.687131,
                            51.062851
                        ],
                        [
                            13.68725,
                            51.062667
                        ],
                        [
                            13.687721,
                            51.061529
                        ],
                        [
                            13.688267,
                            51.059961
                        ],
                        [
                            13.688301,
                            51.059659
                        ],
                        [
                            13.688229,
                            51.058603
                        ],
                        [
                            13.688334,
                            51.058264
                        ],
                        [
                            13.689437,
                            51.056956
                        ],
                        [
                            13.690005,
                            51.056173
                        ],
                        [
                            13.690345,
                            51.055529
                        ],
                        [
                            13.690777,
                            51.054498
                        ],
                        [
                            13.691187,
                            51.054063
                        ],
                        [
                            13.691563,
                            51.053823
                        ],
                        [
                            13.692154,
                            51.053551
                        ],
                        [
                            13.692526,
                            51.053458
                        ],
                        [
                            13.701242,
                            51.05197
                        ],
                        [
                            13.70192,
                            51.051874
                        ],
                        [
                            13.703122,
                            51.051504
                        ],
                        [
                            13.703565,
                            51.051233
                        ],
                        [
                            13.704077,
                            51.050771
                        ],
                        [
                            13.705773,
                            51.046398
                        ],
                        [
                            13.706148,
                            51.046293
                        ],
                        [
                            13.707384,
                            51.046379
                        ],
                        [
                            13.707512,
                            51.046289
                        ],
                        [
                            13.708911,
                            51.04726
                        ],
                        [
                            13.710405,
                            51.046296
                        ],
                        [
                            13.710898,
                            51.04584
                        ],
                        [
                            13.711152,
                            51.045371
                        ],
                        [
                            13.711808,
                            51.045757
                        ],
                        [
                            13.711913,
                            51.045343
                        ],
                        [
                            13.711708,
                            51.043015
                        ],
                        [
                            13.711746,
                            51.043004
                        ],
                        [
                            13.711586,
                            51.041547
                        ],
                        [
                            13.711355,
                            51.040912
                        ],
                        [
                            13.710932,
                            51.040073
                        ],
                        [
                            13.71048,
                            51.039384
                        ],
                        [
                            13.710557,
                            51.039357
                        ],
                        [
                            13.708482,
                            51.036368
                        ],
                        [
                            13.707826,
                            51.035245
                        ],
                        [
                            13.707997,
                            51.035202
                        ],
                        [
                            13.707446,
                            51.034263
                        ],
                        [
                            13.707325,
                            51.034271
                        ],
                        [
                            13.706956,
                            51.033795
                        ],
                        [
                            13.70535,
                            51.034262
                        ],
                        [
                            13.704536,
                            51.034437
                        ],
                        [
                            13.704518,
                            51.034237
                        ],
                        [
                            13.704718,
                            51.033408
                        ],
                        [
                            13.704627,
                            51.032953
                        ],
                        [
                            13.704134,
                            51.032314
                        ],
                        [
                            13.702819,
                            51.031143
                        ],
                        [
                            13.702139,
                            51.030649
                        ],
                        [
                            13.701638,
                            51.030186
                        ],
                        [
                            13.701176,
                            51.029665
                        ],
                        [
                            13.700736,
                            51.02892
                        ],
                        [
                            13.700585,
                            51.028494
                        ],
                        [
                            13.700275,
                            51.026948
                        ],
                        [
                            13.700211,
                            51.026138
                        ],
                        [
                            13.700268,
                            51.025817
                        ],
                        [
                            13.700502,
                            51.025391
                        ],
                        [
                            13.701703,
                            51.024681
                        ],
                        [
                            13.702111,
                            51.024402
                        ],
                        [
                            13.70254,
                            51.023954
                        ],
                        [
                            13.70281,
                            51.023453
                        ],
                        [
                            13.702825,
                            51.022895
                        ],
                        [
                            13.70257,
                            51.022738
                        ],
                        [
                            13.701585,
                            51.022582
                        ],
                        [
                            13.701153,
                            51.022573
                        ],
                        [
                            13.699946,
                            51.02238
                        ],
                        [
                            13.699315,
                            51.022195
                        ],
                        [
                            13.698016,
                            51.021926
                        ],
                        [
                            13.696505,
                            51.021797
                        ],
                        [
                            13.695684,
                            51.02178
                        ],
                        [
                            13.693005,
                            51.021836
                        ],
                        [
                            13.690686,
                            51.021861
                        ],
                        [
                            13.689706,
                            51.021855
                        ],
                        [
                            13.689309,
                            51.022013
                        ],
                        [
                            13.688982,
                            51.022488
                        ],
                        [
                            13.688491,
                            51.02264
                        ],
                        [
                            13.687824,
                            51.022706
                        ],
                        [
                            13.687186,
                            51.022592
                        ],
                        [
                            13.686752,
                            51.022354
                        ],
                        [
                            13.686223,
                            51.021882
                        ],
                        [
                            13.686117,
                            51.021453
                        ],
                        [
                            13.685934,
                            51.021231
                        ],
                        [
                            13.685136,
                            51.020637
                        ],
                        [
                            13.684652,
                            51.020545
                        ],
                        [
                            13.68395,
                            51.02054
                        ],
                        [
                            13.683201,
                            51.020609
                        ],
                        [
                            13.683006,
                            51.020688
                        ],
                        [
                            13.682168,
                            51.020828
                        ],
                        [
                            13.680754,
                            51.020816
                        ],
                        [
                            13.680186,
                            51.020693
                        ],
                        [
                            13.679761,
                            51.020514
                        ],
                        [
                            13.678455,
                            51.019783
                        ],
                        [
                            13.677454,
                            51.018827
                        ],
                        [
                            13.676886,
                            51.018378
                        ],
                        [
                            13.676247,
                            51.017946
                        ],
                        [
                            13.675954,
                            51.017668
                        ],
                        [
                            13.674671,
                            51.016957
                        ],
                        [
                            13.673551,
                            51.016508
                        ],
                        [
                            13.672763,
                            51.01625
                        ],
                        [
                            13.672567,
                            51.016328
                        ],
                        [
                            13.67194,
                            51.015791
                        ],
                        [
                            13.671524,
                            51.015269
                        ],
                        [
                            13.670816,
                            51.014876
                        ],
                        [
                            13.669871,
                            51.015821
                        ],
                        [
                            13.669449,
                            51.016141
                        ],
                        [
                            13.669244,
                            51.016057
                        ],
                        [
                            13.668868,
                            51.016223
                        ],
                        [
                            13.668339,
                            51.016344
                        ],
                        [
                            13.668308,
                            51.016619
                        ],
                        [
                            13.667632,
                            51.016553
                        ],
                        [
                            13.667572,
                            51.016774
                        ],
                        [
                            13.666837,
                            51.016725
                        ],
                        [
                            13.665786,
                            51.016509
                        ],
                        [
                            13.665276,
                            51.016624
                        ],
                        [
                            13.665753,
                            51.017252
                        ],
                        [
                            13.666294,
                            51.017677
                        ],
                        [
                            13.665749,
                            51.018118
                        ],
                        [
                            13.666265,
                            51.018403
                        ],
                        [
                            13.666128,
                            51.018958
                        ],
                        [
                            13.665493,
                            51.019865
                        ],
                        [
                            13.665503,
                            51.02018
                        ],
                        [
                            13.66566,
                            51.02064
                        ],
                        [
                            13.664571,
                            51.020666
                        ],
                        [
                            13.663744,
                            51.029448
                        ],
                        [
                            13.663298,
                            51.029343
                        ],
                        [
                            13.662582,
                            51.030058
                        ],
                        [
                            13.662298,
                            51.030593
                        ],
                        [
                            13.663326,
                            51.030935
                        ],
                        [
                            13.664364,
                            51.031429
                        ],
                        [
                            13.665516,
                            51.032035
                        ],
                        [
                            13.666998,
                            51.033313
                        ],
                        [
                            13.668064,
                            51.033964
                        ],
                        [
                            13.669008,
                            51.034654
                        ],
                        [
                            13.66921,
                            51.035086
                        ],
                        [
                            13.66829,
                            51.035359
                        ],
                        [
                            13.666571,
                            51.035693
                        ],
                        [
                            13.665614,
                            51.03579
                        ],
                        [
                            13.664939,
                            51.035778
                        ],
                        [
                            13.665016,
                            51.035093
                        ],
                        [
                            13.662793,
                            51.035097
                        ],
                        [
                            13.661215,
                            51.03515
                        ],
                        [
                            13.661119,
                            51.034883
                        ],
                        [
                            13.660321,
                            51.034914
                        ],
                        [
                            13.659876,
                            51.034875
                        ],
                        [
                            13.658897,
                            51.034974
                        ],
                        [
                            13.657871,
                            51.034753
                        ],
                        [
                            13.655839,
                            51.034763
                        ],
                        [
                            13.65435,
                            51.034827
                        ]
                    ]
                ]
            },
            "properties": {
                "bez": "Cotta",
                "flaeche_km2": 19.3873,
                "sst": null,
                "sst_klar": null,
                "historie": "akt",
                "aend": "20.03.2025 00:00:00"
            },
            "id": "Cotta"
        },
        {
            "type": "Feature",
            "geometry": {
                "type": "Polygon",
                "coordinates": [
                    [
                        [
                            13.58939,
                            51.070162
                        ],
                        [
                            13.590242,
                            51.069887
                        ],
                        [
                            13.59132,
                            51.069204
                        ],
                        [
                            13.596147,
                            51.068083
                        ],
                        [
                            13.596332,
                            51.067932
                        ],
                        [
                            13.598442,
                            51.067966
                        ],
                        [
                            13.599019,
                            51.068016
                        ],
                        [
                            13.599419,
                            51.067505
                        ],
                        [
                            13.600029,
                            51.067168
                        ],
                        [
                            13.600147,
                            51.066941
                        ],
                        [
                            13.599912,
                            51.066608
                        ],
                        [
                            13.599936,
                            51.066284
                        ],
                        [
                            13.599262,
                            51.065525
                        ],
                        [
                            13.599135,
                            51.065062
                        ],
                        [
                            13.599351,
                            51.064902
                        ],
                        [
                            13.599024,
                            51.064553
                        ],
                        [
                            13.599077,
                            51.064431
                        ],
                        [
                            13.600009,
                            51.0641
                        ],
                        [
                            13.599941,
                            51.064002
                        ],
                        [
                            13.599345,
                            51.064183
                        ],
                        [
                            13.599063,
                            51.06389
                        ],
                        [
                            13.599418,
                            51.063748
                        ],
                        [
                            13.599405,
                            51.063028
                        ],
                        [
                            13.599493,
                            51.062645
                        ],
                        [
                            13.602122,
                            51.06277
                        ],
                        [
                            13.603485,
                            51.062881
                        ],
                        [
                            13.606031,
                            51.063189
                        ],
                        [
                            13.607269,
                            51.063381
                        ],
                        [
                            13.608655,
                            51.063637
                        ],
                        [
                            13.610301,
                            51.063988
                        ],
                        [
                            13.612699,
                            51.064547
                        ],
                        [
                            13.612567,
                            51.064349
                        ],
                        [
                            13.610707,
                            51.063915
                        ],
                        [
                            13.611023,
                            51.06247
                        ],
                        [
                            13.611032,
                            51.061631
                        ],
                        [
                            13.611218,
                            51.061426
                        ],
                        [
                            13.612076,
                            51.060837
                        ],
                        [
                            13.612357,
                            51.060115
                        ],
                        [
                            13.61379,
                            51.058884
                        ],
                        [
                            13.61439,
                            51.058268
                        ],
                        [
                            13.615257,
                            51.056643
                        ],
                        [
                            13.615388,
                            51.056192
                        ],
                        [
                            13.615406,
                            51.055676
                        ],
                        [
                            13.61517,
                            51.052378
                        ],
                        [
                            13.615652,
                            51.052145
                        ],
                        [
                            13.616449,
                            51.052187
                        ],
                        [
                            13.616656,
                            51.052055
                        ],
                        [
                            13.617949,
                            51.051669
                        ],
                        [
                            13.619028,
                            51.051536
                        ],
                        [
                            13.619987,
                            51.051057
                        ],
                        [
                            13.621152,
                            51.050522
                        ],
                        [
                            13.621462,
                            51.050812
                        ],
                        [
                            13.622595,
                            51.050549
                        ],
                        [
                            13.623078,
                            51.050476
                        ],
                        [
                            13.623719,
                            51.050209
                        ],
                        [
                            13.624371,
                            51.049858
                        ],
                        [
                            13.624745,
                            51.049827
                        ],
                        [
                            13.624792,
                            51.050168
                        ],
                        [
                            13.625267,
                            51.051163
                        ],
                        [
                            13.626135,
                            51.050914
                        ],
                        [
                            13.6267,
                            51.050585
                        ],
                        [
                            13.62751,
                            51.050879
                        ],
                        [
                            13.628703,
                            51.05104
                        ],
                        [
                            13.629339,
                            51.051373
                        ],
                        [
                            13.628888,
                            51.052066
                        ],
                        [
                            13.628861,
                            51.052552
                        ],
                        [
                            13.629028,
                            51.052597
                        ],
                        [
                            13.629047,
                            51.053252
                        ],
                        [
                            13.629423,
                            51.053731
                        ],
                        [
                            13.630107,
                            51.05395
                        ],
                        [
                            13.630264,
                            51.054131
                        ],
                        [
                            13.630644,
                            51.054311
                        ],
                        [
                            13.631057,
                            51.054304
                        ],
                        [
                            13.632271,
                            51.054183
                        ],
                        [
                            13.632808,
                            51.054295
                        ],
                        [
                            13.633084,
                            51.054433
                        ],
                        [
                            13.633273,
                            51.054688
                        ],
                        [
                            13.63304,
                            51.054991
                        ],
                        [
                            13.632384,
                            51.055428
                        ],
                        [
                            13.632439,
                            51.055583
                        ],
                        [
                            13.633113,
                            51.05632
                        ],
                        [
                            13.633791,
                            51.056523
                        ],
                        [
                            13.634013,
                            51.05666
                        ],
                        [
                            13.634345,
                            51.056675
                        ],
                        [
                            13.634319,
                            51.057041
                        ],
                        [
                            13.634011,
                            51.057601
                        ],
                        [
                            13.634093,
                            51.057767
                        ],
                        [
                            13.634433,
                            51.057936
                        ],
                        [
                            13.635504,
                            51.058242
                        ],
                        [
                            13.636123,
                            51.05828
                        ],
                        [
                            13.636703,
                            51.05798
                        ],
                        [
                            13.637219,
                            51.057959
                        ],
                        [
                            13.638094,
                            51.058156
                        ],
                        [
                            13.638348,
                            51.058413
                        ],
                        [
                            13.638324,
                            51.058645
                        ],
                        [
                            13.639007,
                            51.058951
                        ],
                        [
                            13.639416,
                            51.058965
                        ],
                        [
                            13.639999,
                            51.058587
                        ],
                        [
                            13.640259,
                            51.058496
                        ],
                        [
                            13.641162,
                            51.058533
                        ],
                        [
                            13.641815,
                            51.058663
                        ],
                        [
                            13.641822,
                            51.058837
                        ],
                        [
                            13.642898,
                            51.059028
                        ],
                        [
                            13.643556,
                            51.058989
                        ],
                        [
                            13.64453,
                            51.059632
                        ],
                        [
                            13.644819,
                            51.060029
                        ],
                        [
                            13.644877,
                            51.060267
                        ],
                        [
                            13.645308,
                            51.060619
                        ],
                        [
                            13.646158,
                            51.06111
                        ],
                        [
                            13.647238,
                            51.060207
                        ],
                        [
                            13.647583,
                            51.058971
                        ],
                        [
                            13.64813,
                            51.057465
                        ],
                        [
                            13.648595,
                            51.056609
                        ],
                        [
                            13.648828,
                            51.055832
                        ],
                        [
                            13.649293,
                            51.054853
                        ],
                        [
                            13.649873,
                            51.052902
                        ],
                        [
                            13.650624,
                            51.051204
                        ],
                        [
                            13.650874,
                            51.050482
                        ],
                        [
                            13.651273,
                            51.049524
                        ],
                        [
                            13.649899,
                            51.049152
                        ],
                        [
                            13.649337,
                            51.049054
                        ],
                        [
                            13.65094,
                            51.046178
                        ],
                        [
                            13.650636,
                            51.045918
                        ],
                        [
                            13.649796,
                            51.045738
                        ],
                        [
                            13.649816,
                            51.045578
                        ],
                        [
                            13.650268,
                            51.044438
                        ],
                        [
                            13.650425,
                            51.043695
                        ],
                        [
                            13.65043,
                            51.043205
                        ],
                        [
                            13.650352,
                            51.04287
                        ],
                        [
                            13.649649,
                            51.041665
                        ],
                        [
                            13.648949,
                            51.040798
                        ],
                        [
                            13.648602,
                            51.040616
                        ],
                        [
                            13.647107,
                            51.040247
                        ],
                        [
                            13.64692,
                            51.039955
                        ],
                        [
                            13.64601,
                            51.03997
                        ],
                        [
                            13.645778,
                            51.040117
                        ],
                        [
                            13.644634,
                            51.039988
                        ],
                        [
                            13.639124,
                            51.039145
                        ],
                        [
                            13.639167,
                            51.039
                        ],
                        [
                            13.638222,
                            51.03881
                        ],
                        [
                            13.636814,
                            51.038703
                        ],
                        [
                            13.636656,
                            51.039366
                        ],
                        [
                            13.636547,
                            51.040472
                        ],
                        [
                            13.635779,
                            51.03879
                        ],
                        [
                            13.635441,
                            51.038448
                        ],
                        [
                            13.635376,
                            51.03825
                        ],
                        [
                            13.633352,
                            51.035037
                        ],
                        [
                            13.633265,
                            51.034701
                        ],
                        [
                            13.632924,
                            51.034452
                        ],
                        [
                            13.632213,
                            51.032956
                        ],
                        [
                            13.632265,
                            51.032936
                        ],
                        [
                            13.631547,
                            51.03212
                        ],
                        [
                            13.631199,
                            51.032249
                        ],
                        [
                            13.630544,
                            51.032717
                        ],
                        [
                            13.630603,
                            51.032841
                        ],
                        [
                            13.630198,
                            51.033157
                        ],
                        [
                            13.629393,
                            51.033541
                        ],
                        [
                            13.628127,
                            51.034013
                        ],
                        [
                            13.626788,
                            51.033639
                        ],
                        [
                            13.626433,
                            51.033216
                        ],
                        [
                            13.625979,
                            51.032315
                        ],
                        [
                            13.625578,
                            51.031804
                        ],
                        [
                            13.62595,
                            51.031448
                        ],
                        [
                            13.625514,
                            51.03129
                        ],
                        [
                            13.625144,
                            51.031464
                        ],
                        [
                            13.623967,
                            51.031799
                        ],
                        [
                            13.623611,
                            51.03204
                        ],
                        [
                            13.622951,
                            51.03221
                        ],
                        [
                            13.622283,
                            51.033115
                        ],
                        [
                            13.621515,
                            51.033394
                        ],
                        [
                            13.620423,
                            51.033707
                        ],
                        [
                            13.619965,
                            51.033742
                        ],
                        [
                            13.619414,
                            51.033886
                        ],
                        [
                            13.619211,
                            51.034036
                        ],
                        [
                            13.618384,
                            51.034029
                        ],
                        [
                            13.618008,
                            51.034153
                        ],
                        [
                            13.617535,
                            51.034171
                        ],
                        [
                            13.616641,
                            51.034423
                        ],
                        [
                            13.615725,
                            51.034527
                        ],
                        [
                            13.615411,
                            51.034633
                        ],
                        [
                            13.614029,
                            51.033974
                        ],
                        [
                            13.613302,
                            51.033686
                        ],
                        [
                            13.611872,
                            51.033218
                        ],
                        [
                            13.609965,
                            51.032799
                        ],
                        [
                            13.60827,
                            51.032751
                        ],
                        [
                            13.605363,
                            51.032564
                        ],
                        [
                            13.604674,
                            51.032477
                        ],
                        [
                            13.603824,
                            51.032292
                        ],
                        [
                            13.603531,
                            51.034837
                        ],
                        [
                            13.602636,
                            51.035242
                        ],
                        [
                            13.602256,
                            51.035526
                        ],
                        [
                            13.60234,
                            51.035681
                        ],
                        [
                            13.601977,
                            51.036093
                        ],
                        [
                            13.601612,
                            51.036216
                        ],
                        [
                            13.601131,
                            51.036679
                        ],
                        [
                            13.600424,
                            51.036991
                        ],
                        [
                            13.599752,
                            51.037501
                        ],
                        [
                            13.599604,
                            51.037788
                        ],
                        [
                            13.599796,
                            51.038293
                        ],
                        [
                            13.600495,
                            51.038845
                        ],
                        [
                            13.600699,
                            51.039098
                        ],
                        [
                            13.601494,
                            51.03916
                        ],
                        [
                            13.602118,
                            51.039371
                        ],
                        [
                            13.602389,
                            51.039588
                        ],
                        [
                            13.60311,
                            51.039915
                        ],
                        [
                            13.603364,
                            51.040225
                        ],
                        [
                            13.603365,
                            51.040424
                        ],
                        [
                            13.604129,
                            51.040754
                        ],
                        [
                            13.604473,
                            51.041033
                        ],
                        [
                            13.604397,
                            51.041141
                        ],
                        [
                            13.604624,
                            51.041516
                        ],
                        [
                            13.604537,
                            51.041625
                        ],
                        [
                            13.604882,
                            51.042107
                        ],
                        [
                            13.605239,
                            51.042761
                        ],
                        [
                            13.605231,
                            51.042886
                        ],
                        [
                            13.604063,
                            51.042917
                        ],
                        [
                            13.603842,
                            51.042822
                        ],
                        [
                            13.60357,
                            51.042972
                        ],
                        [
                            13.602239,
                            51.04284
                        ],
                        [
                            13.601898,
                            51.042848
                        ],
                        [
                            13.601626,
                            51.042648
                        ],
                        [
                            13.601231,
                            51.042763
                        ],
                        [
                            13.600904,
                            51.042489
                        ],
                        [
                            13.599804,
                            51.042314
                        ],
                        [
                            13.598798,
                            51.042307
                        ],
                        [
                            13.59812,
                            51.042157
                        ],
                        [
                            13.597621,
                            51.042198
                        ],
                        [
                            13.597015,
                            51.042125
                        ],
                        [
                            13.59639,
                            51.042177
                        ],
                        [
                            13.595215,
                            51.042203
                        ],
                        [
                            13.594899,
                            51.042251
                        ],
                        [
                            13.594671,
                            51.042518
                        ],
                        [
                            13.594114,
                            51.042607
                        ],
                        [
                            13.594286,
                            51.042965
                        ],
                        [
                            13.592699,
                            51.043422
                        ],
                        [
                            13.59176,
                            51.043659
                        ],
                        [
                            13.591811,
                            51.043236
                        ],
                        [
                            13.59072,
                            51.043467
                        ],
                        [
                            13.589946,
                            51.043392
                        ],
                        [
                            13.588047,
                            51.043647
                        ],
                        [
                            13.586298,
                            51.043941
                        ],
                        [
                            13.584953,
                            51.044034
                        ],
                        [
                            13.584932,
                            51.044358
                        ],
                        [
                            13.585059,
                            51.044873
                        ],
                        [
                            13.585331,
                            51.046349
                        ],
                        [
                            13.585703,
                            51.047591
                        ],
                        [
                            13.586242,
                            51.048785
                        ],
                        [
                            13.585112,
                            51.0491
                        ],
                        [
                            13.583585,
                            51.049468
                        ],
                        [
                            13.580986,
                            51.050306
                        ],
                        [
                            13.580455,
                            51.050433
                        ],
                        [
                            13.579341,
                            51.050576
                        ],
                        [
                            13.579492,
                            51.050889
                        ],
                        [
                            13.579952,
                            51.051367
                        ],
                        [
                            13.580503,
                            51.051833
                        ],
                        [
                            13.581534,
                            51.05323
                        ],
                        [
                            13.58364,
                            51.055375
                        ],
                        [
                            13.584446,
                            51.056263
                        ],
                        [
                            13.585008,
                            51.056698
                        ],
                        [
                            13.584064,
                            51.057287
                        ],
                        [
                            13.583239,
                            51.058072
                        ],
                        [
                            13.582275,
                            51.059163
                        ],
                        [
                            13.580952,
                            51.060975
                        ],
                        [
                            13.58033,
                            51.06192
                        ],
                        [
                            13.58033,
                            51.062271
                        ],
                        [
                            13.581119,
                            51.062298
                        ],
                        [
                            13.580989,
                            51.06347
                        ],
                        [
                            13.580647,
                            51.06346
                        ],
                        [
                            13.580524,
                            51.064489
                        ],
                        [
                            13.580279,
                            51.064514
                        ],
                        [
                            13.579922,
                            51.064934
                        ],
                        [
                            13.579477,
                            51.065321
                        ],
                        [
                            13.580263,
                            51.065236
                        ],
                        [
                            13.581065,
                            51.065413
                        ],
                        [
                            13.581346,
                            51.065583
                        ],
                        [
                            13.581303,
                            51.065724
                        ],
                        [
                            13.581843,
                            51.065885
                        ],
                        [
                            13.582047,
                            51.066261
                        ],
                        [
                            13.582547,
                            51.06683
                        ],
                        [
                            13.583169,
                            51.066619
                        ],
                        [
                            13.583468,
                            51.066734
                        ],
                        [
                            13.583647,
                            51.066574
                        ],
                        [
                            13.584138,
                            51.066421
                        ],
                        [
                            13.584512,
                            51.066504
                        ],
                        [
                            13.584928,
                            51.066792
                        ],
                        [
                            13.585137,
                            51.066601
                        ],
                        [
                            13.585576,
                            51.066511
                        ],
                        [
                            13.585693,
                            51.066357
                        ],
                        [
                            13.586259,
                            51.066359
                        ],
                        [
                            13.586566,
                            51.066732
                        ],
                        [
                            13.586733,
                            51.066699
                        ],
                        [
                            13.587601,
                            51.067243
                        ],
                        [
                            13.587887,
                            51.06714
                        ],
                        [
                            13.588253,
                            51.067435
                        ],
                        [
                            13.588009,
                            51.067707
                        ],
                        [
                            13.587643,
                            51.067868
                        ],
                        [
                            13.587643,
                            51.068059
                        ],
                        [
                            13.588177,
                            51.068805
                        ],
                        [
                            13.588675,
                            51.06906
                        ],
                        [
                            13.589031,
                            51.069347
                        ],
                        [
                            13.588753,
                            51.069565
                        ],
                        [
                            13.588792,
                            51.069973
                        ],
                        [
                            13.58939,
                            51.070162
                        ]
                    ]
                ]
            },
            "properties": {
                "bez": "Gompitz",
                "flaeche_km2": 11.731900000000001,
                "sst": null,
                "sst_klar": null,
                "historie": "akt",
                "aend": "20.03.2025 00:00:00"
            },
            "id": "Gompitz"
        },
        {
            "type": "Feature",
            "geometry": {
                "type": "Polygon",
                "coordinates": [
                    [
                        [
                            13.632265,
                            51.032936
                        ],
                        [
                            13.632213,
                            51.032956
                        ],
                        [
                            13.632924,
                            51.034452
                        ],
                        [
                            13.633265,
                            51.034701
                        ],
                        [
                            13.633352,
                            51.035037
                        ],
                        [
                            13.635376,
                            51.03825
                        ],
                        [
                            13.635441,
                            51.038448
                        ],
                        [
                            13.635779,
                            51.03879
                        ],
                        [
                            13.636547,
                            51.040472
                        ],
                        [
                            13.636656,
                            51.039366
                        ],
                        [
                            13.636814,
                            51.038703
                        ],
                        [
                            13.638222,
                            51.03881
                        ],
                        [
                            13.639167,
                            51.039
                        ],
                        [
                            13.639124,
                            51.039145
                        ],
                        [
                            13.644634,
                            51.039988
                        ],
                        [
                            13.645778,
                            51.040117
                        ],
                        [
                            13.64601,
                            51.03997
                        ],
                        [
                            13.64692,
                            51.039955
                        ],
                        [
                            13.647758,
                            51.038868
                        ],
                        [
                            13.64876,
                            51.037491
                        ],
                        [
                            13.649293,
                            51.037586
                        ],
                        [
                            13.649907,
                            51.037769
                        ],
                        [
                            13.650533,
                            51.037818
                        ],
                        [
                            13.651686,
                            51.037702
                        ],
                        [
                            13.652221,
                            51.037554
                        ],
                        [
                            13.652241,
                            51.037252
                        ],
                        [
                            13.652414,
                            51.036648
                        ],
                        [
                            13.653414,
                            51.035818
                        ],
                        [
                            13.654375,
                            51.0351
                        ],
                        [
                            13.65435,
                            51.034827
                        ],
                        [
                            13.654268,
                            51.034265
                        ],
                        [
                            13.653882,
                            51.033276
                        ],
                        [
                            13.652415,
                            51.033199
                        ],
                        [
                            13.652518,
                            51.032714
                        ],
                        [
                            13.651639,
                            51.032608
                        ],
                        [
                            13.65065,
                            51.03233
                        ],
                        [
                            13.650925,
                            51.031686
                        ],
                        [
                            13.651156,
                            51.030901
                        ],
                        [
                            13.650238,
                            51.030808
                        ],
                        [
                            13.650423,
                            51.030235
                        ],
                        [
                            13.649175,
                            51.03011
                        ],
                        [
                            13.649249,
                            51.029616
                        ],
                        [
                            13.648079,
                            51.029667
                        ],
                        [
                            13.642891,
                            51.029057
                        ],
                        [
                            13.642418,
                            51.029156
                        ],
                        [
                            13.640717,
                            51.029614
                        ],
                        [
                            13.639538,
                            51.03008
                        ],
                        [
                            13.636844,
                            51.031628
                        ],
                        [
                            13.636228,
                            51.03203
                        ],
                        [
                            13.635421,
                            51.032202
                        ],
                        [
                            13.63453,
                            51.032583
                        ],
                        [
                            13.634031,
                            51.032746
                        ],
                        [
                            13.633261,
                            51.032894
                        ],
                        [
                            13.632265,
                            51.032936
                        ]
                    ]
                ]
            },
            "properties": {
                "bez": "Altfranken",
                "flaeche_km2": 1.2729000000000001,
                "sst": null,
                "sst_klar": null,
                "historie": "akt",
                "aend": "20.03.2025 00:00:00"
            },
            "id": "Altfranken"
        },
        {
            "type": "Feature",
            "geometry": {
                "type": "Polygon",
                "coordinates": [
                    [
                        [
                            13.599019,
                            51.068016
                        ],
                        [
                            13.599168,
                            51.068125
                        ],
                        [
                            13.599246,
                            51.068478
                        ],
                        [
                            13.599393,
                            51.068548
                        ],
                        [
                            13.599299,
                            51.068866
                        ],
                        [
                            13.599476,
                            51.069206
                        ],
                        [
                            13.599671,
                            51.069233
                        ],
                        [
                            13.600004,
                            51.069557
                        ],
                        [
                            13.600045,
                            51.069785
                        ],
                        [
                            13.599845,
                            51.070011
                        ],
                        [
                            13.599833,
                            51.07037
                        ],
                        [
                            13.600018,
                            51.070455
                        ],
                        [
                            13.60026,
                            51.070949
                        ],
                        [
                            13.600793,
                            51.070901
                        ],
                        [
                            13.600924,
                            51.071247
                        ],
                        [
                            13.601586,
                            51.071383
                        ],
                        [
                            13.602099,
                            51.071341
                        ],
                        [
                            13.60247,
                            51.071233
                        ],
                        [
                            13.602903,
                            51.071423
                        ],
                        [
                            13.603246,
                            51.071374
                        ],
                        [
                            13.603658,
                            51.071542
                        ],
                        [
                            13.604327,
                            51.07199
                        ],
                        [
                            13.604725,
                            51.072121
                        ],
                        [
                            13.604963,
                            51.072302
                        ],
                        [
                            13.605315,
                            51.072386
                        ],
                        [
                            13.606189,
                            51.072389
                        ],
                        [
                            13.60638,
                            51.072612
                        ],
                        [
                            13.606752,
                            51.072807
                        ],
                        [
                            13.607069,
                            51.072858
                        ],
                        [
                            13.607333,
                            51.07253
                        ],
                        [
                            13.607918,
                            51.072491
                        ],
                        [
                            13.608434,
                            51.07269
                        ],
                        [
                            13.608746,
                            51.072724
                        ],
                        [
                            13.609181,
                            51.07291
                        ],
                        [
                            13.609694,
                            51.073017
                        ],
                        [
                            13.610017,
                            51.073418
                        ],
                        [
                            13.610227,
                            51.073543
                        ],
                        [
                            13.610223,
                            51.073887
                        ],
                        [
                            13.609778,
                            51.074525
                        ],
                        [
                            13.608962,
                            51.0749
                        ],
                        [
                            13.60916,
                            51.075112
                        ],
                        [
                            13.609188,
                            51.075414
                        ],
                        [
                            13.608883,
                            51.0758
                        ],
                        [
                            13.608284,
                            51.075777
                        ],
                        [
                            13.608043,
                            51.075668
                        ],
                        [
                            13.607681,
                            51.075909
                        ],
                        [
                            13.607545,
                            51.076312
                        ],
                        [
                            13.607844,
                            51.076559
                        ],
                        [
                            13.607676,
                            51.076963
                        ],
                        [
                            13.607754,
                            51.077248
                        ],
                        [
                            13.608484,
                            51.077973
                        ],
                        [
                            13.608781,
                            51.078103
                        ],
                        [
                            13.609804,
                            51.078351
                        ],
                        [
                            13.609856,
                            51.078268
                        ],
                        [
                            13.610954,
                            51.078215
                        ],
                        [
                            13.611295,
                            51.078151
                        ],
                        [
                            13.611744,
                            51.0783
                        ],
                        [
                            13.612269,
                            51.078336
                        ],
                        [
                            13.612652,
                            51.078638
                        ],
                        [
                            13.612882,
                            51.078691
                        ],
                        [
                            13.613053,
                            51.078296
                        ],
                        [
                            13.613922,
                            51.078356
                        ],
                        [
                            13.614742,
                            51.078651
                        ],
                        [
                            13.614721,
                            51.079063
                        ],
                        [
                            13.615446,
                            51.079161
                        ],
                        [
                            13.616759,
                            51.079118
                        ],
                        [
                            13.617441,
                            51.077989
                        ],
                        [
                            13.617623,
                            51.077967
                        ],
                        [
                            13.6187,
                            51.078542
                        ],
                        [
                            13.618904,
                            51.078575
                        ],
                        [
                            13.620047,
                            51.077875
                        ],
                        [
                            13.620389,
                            51.078064
                        ],
                        [
                            13.620986,
                            51.076937
                        ],
                        [
                            13.621692,
                            51.076426
                        ],
                        [
                            13.622067,
                            51.076305
                        ],
                        [
                            13.622972,
                            51.07613
                        ],
                        [
                            13.623471,
                            51.076184
                        ],
                        [
                            13.623636,
                            51.076296
                        ],
                        [
                            13.624129,
                            51.076376
                        ],
                        [
                            13.624627,
                            51.07614
                        ],
                        [
                            13.625003,
                            51.075709
                        ],
                        [
                            13.625299,
                            51.075648
                        ],
                        [
                            13.625632,
                            51.075253
                        ],
                        [
                            13.626314,
                            51.074948
                        ],
                        [
                            13.626979,
                            51.074735
                        ],
                        [
                            13.627207,
                            51.075274
                        ],
                        [
                            13.626997,
                            51.075628
                        ],
                        [
                            13.626913,
                            51.076051
                        ],
                        [
                            13.625434,
                            51.076497
                        ],
                        [
                            13.62491,
                            51.076713
                        ],
                        [
                            13.624437,
                            51.077144
                        ],
                        [
                            13.624243,
                            51.077927
                        ],
                        [
                            13.625944,
                            51.077853
                        ],
                        [
                            13.62614,
                            51.077633
                        ],
                        [
                            13.626739,
                            51.078101
                        ],
                        [
                            13.626755,
                            51.078587
                        ],
                        [
                            13.627431,
                            51.078539
                        ],
                        [
                            13.628826,
                            51.078105
                        ],
                        [
                            13.628993,
                            51.078836
                        ],
                        [
                            13.62916,
                            51.079081
                        ],
                        [
                            13.6298,
                            51.079525
                        ],
                        [
                            13.629928,
                            51.079858
                        ],
                        [
                            13.62986,
                            51.080143
                        ],
                        [
                            13.630644,
                            51.079956
                        ],
                        [
                            13.630965,
                            51.079972
                        ],
                        [
                            13.631544,
                            51.079843
                        ],
                        [
                            13.632765,
                            51.079471
                        ],
                        [
                            13.633213,
                            51.079721
                        ],
                        [
                            13.633452,
                            51.079953
                        ],
                        [
                            13.636301,
                            51.07919
                        ],
                        [
                            13.636445,
                            51.078765
                        ],
                        [
                            13.636163,
                            51.078369
                        ],
                        [
                            13.637324,
                            51.077986
                        ],
                        [
                            13.638036,
                            51.07832
                        ],
                        [
                            13.638282,
                            51.078505
                        ],
                        [
                            13.638602,
                            51.07894
                        ],
                        [
                            13.638598,
                            51.079284
                        ],
                        [
                            13.639066,
                            51.079603
                        ],
                        [
                            13.639204,
                            51.080095
                        ],
                        [
                            13.640344,
                            51.080619
                        ],
                        [
                            13.641017,
                            51.081266
                        ],
                        [
                            13.641349,
                            51.081153
                        ],
                        [
                            13.643011,
                            51.080938
                        ],
                        [
                            13.644171,
                            51.080831
                        ],
                        [
                            13.646423,
                            51.080822
                        ],
                        [
                            13.647642,
                            51.08066
                        ],
                        [
                            13.649592,
                            51.080263
                        ],
                        [
                            13.649584,
                            51.08019
                        ],
                        [
                            13.650596,
                            51.079579
                        ],
                        [
                            13.651472,
                            51.079266
                        ],
                        [
                            13.651844,
                            51.07926
                        ],
                        [
                            13.653963,
                            51.078372
                        ],
                        [
                            13.655077,
                            51.077971
                        ],
                        [
                            13.655896,
                            51.077626
                        ],
                        [
                            13.656518,
                            51.077269
                        ],
                        [
                            13.656995,
                            51.077096
                        ],
                        [
                            13.658106,
                            51.076557
                        ],
                        [
                            13.658314,
                            51.076281
                        ],
                        [
                            13.658878,
                            51.076199
                        ],
                        [
                            13.658864,
                            51.076063
                        ],
                        [
                            13.659537,
                            51.075825
                        ],
                        [
                            13.659271,
                            51.07482
                        ],
                        [
                            13.659059,
                            51.074353
                        ],
                        [
                            13.658388,
                            51.073389
                        ],
                        [
                            13.657438,
                            51.073609
                        ],
                        [
                            13.656864,
                            51.072697
                        ],
                        [
                            13.655831,
                            51.07144
                        ],
                        [
                            13.655368,
                            51.070932
                        ],
                        [
                            13.654682,
                            51.071196
                        ],
                        [
                            13.654361,
                            51.070041
                        ],
                        [
                            13.653976,
                            51.067934
                        ],
                        [
                            13.653621,
                            51.067757
                        ],
                        [
                            13.653581,
                            51.067524
                        ],
                        [
                            13.653196,
                            51.066632
                        ],
                        [
                            13.653498,
                            51.066616
                        ],
                        [
                            13.654853,
                            51.06561
                        ],
                        [
                            13.654339,
                            51.065352
                        ],
                        [
                            13.654079,
                            51.065083
                        ],
                        [
                            13.653791,
                            51.064985
                        ],
                        [
                            13.653133,
                            51.06422
                        ],
                        [
                            13.652592,
                            51.063985
                        ],
                        [
                            13.652606,
                            51.063896
                        ],
                        [
                            13.651014,
                            51.06395
                        ],
                        [
                            13.650189,
                            51.064013
                        ],
                        [
                            13.649842,
                            51.064153
                        ],
                        [
                            13.64944,
                            51.064167
                        ],
                        [
                            13.647536,
                            51.063603
                        ],
                        [
                            13.646233,
                            51.063462
                        ],
                        [
                            13.645867,
                            51.063297
                        ],
                        [
                            13.645632,
                            51.063051
                        ],
                        [
                            13.645581,
                            51.062654
                        ],
                        [
                            13.645858,
                            51.062084
                        ],
                        [
                            13.646045,
                            51.061492
                        ],
                        [
                            13.64626,
                            51.061313
                        ],
                        [
                            13.646158,
                            51.06111
                        ],
                        [
                            13.645308,
                            51.060619
                        ],
                        [
                            13.644877,
                            51.060267
                        ],
                        [
                            13.644819,
                            51.060029
                        ],
                        [
                            13.64453,
                            51.059632
                        ],
                        [
                            13.643556,
                            51.058989
                        ],
                        [
                            13.642898,
                            51.059028
                        ],
                        [
                            13.641822,
                            51.058837
                        ],
                        [
                            13.641815,
                            51.058663
                        ],
                        [
                            13.641162,
                            51.058533
                        ],
                        [
                            13.640259,
                            51.058496
                        ],
                        [
                            13.639999,
                            51.058587
                        ],
                        [
                            13.639416,
                            51.058965
                        ],
                        [
                            13.639007,
                            51.058951
                        ],
                        [
                            13.638324,
                            51.058645
                        ],
                        [
                            13.638348,
                            51.058413
                        ],
                        [
                            13.638094,
                            51.058156
                        ],
                        [
                            13.637219,
                            51.057959
                        ],
                        [
                            13.636703,
                            51.05798
                        ],
                        [
                            13.636123,
                            51.05828
                        ],
                        [
                            13.635504,
                            51.058242
                        ],
                        [
                            13.634433,
                            51.057936
                        ],
                        [
                            13.634093,
                            51.057767
                        ],
                        [
                            13.634011,
                            51.057601
                        ],
                        [
                            13.634319,
                            51.057041
                        ],
                        [
                            13.634345,
                            51.056675
                        ],
                        [
                            13.634013,
                            51.05666
                        ],
                        [
                            13.633791,
                            51.056523
                        ],
                        [
                            13.633113,
                            51.05632
                        ],
                        [
                            13.632439,
                            51.055583
                        ],
                        [
                            13.632384,
                            51.055428
                        ],
                        [
                            13.63304,
                            51.054991
                        ],
                        [
                            13.633273,
                            51.054688
                        ],
                        [
                            13.633084,
                            51.054433
                        ],
                        [
                            13.632808,
                            51.054295
                        ],
                        [
                            13.632271,
                            51.054183
                        ],
                        [
                            13.631057,
                            51.054304
                        ],
                        [
                            13.630644,
                            51.054311
                        ],
                        [
                            13.630264,
                            51.054131
                        ],
                        [
                            13.630107,
                            51.05395
                        ],
                        [
                            13.629423,
                            51.053731
                        ],
                        [
                            13.629047,
                            51.053252
                        ],
                        [
                            13.629028,
                            51.052597
                        ],
                        [
                            13.628861,
                            51.052552
                        ],
                        [
                            13.628888,
                            51.052066
                        ],
                        [
                            13.629339,
                            51.051373
                        ],
                        [
                            13.628703,
                            51.05104
                        ],
                        [
                            13.62751,
                            51.050879
                        ],
                        [
                            13.6267,
                            51.050585
                        ],
                        [
                            13.626135,
                            51.050914
                        ],
                        [
                            13.625267,
                            51.051163
                        ],
                        [
                            13.624792,
                            51.050168
                        ],
                        [
                            13.624745,
                            51.049827
                        ],
                        [
                            13.624371,
                            51.049858
                        ],
                        [
                            13.623719,
                            51.050209
                        ],
                        [
                            13.623078,
                            51.050476
                        ],
                        [
                            13.622595,
                            51.050549
                        ],
                        [
                            13.621462,
                            51.050812
                        ],
                        [
                            13.621152,
                            51.050522
                        ],
                        [
                            13.619987,
                            51.051057
                        ],
                        [
                            13.619028,
                            51.051536
                        ],
                        [
                            13.617949,
                            51.051669
                        ],
                        [
                            13.616656,
                            51.052055
                        ],
                        [
                            13.616449,
                            51.052187
                        ],
                        [
                            13.615652,
                            51.052145
                        ],
                        [
                            13.61517,
                            51.052378
                        ],
                        [
                            13.615406,
                            51.055676
                        ],
                        [
                            13.615388,
                            51.056192
                        ],
                        [
                            13.615257,
                            51.056643
                        ],
                        [
                            13.61439,
                            51.058268
                        ],
                        [
                            13.61379,
                            51.058884
                        ],
                        [
                            13.612357,
                            51.060115
                        ],
                        [
                            13.612076,
                            51.060837
                        ],
                        [
                            13.611218,
                            51.061426
                        ],
                        [
                            13.611032,
                            51.061631
                        ],
                        [
                            13.611023,
                            51.06247
                        ],
                        [
                            13.610707,
                            51.063915
                        ],
                        [
                            13.612567,
                            51.064349
                        ],
                        [
                            13.612699,
                            51.064547
                        ],
                        [
                            13.610301,
                            51.063988
                        ],
                        [
                            13.608655,
                            51.063637
                        ],
                        [
                            13.607269,
                            51.063381
                        ],
                        [
                            13.606031,
                            51.063189
                        ],
                        [
                            13.603485,
                            51.062881
                        ],
                        [
                            13.602122,
                            51.06277
                        ],
                        [
                            13.599493,
                            51.062645
                        ],
                        [
                            13.599405,
                            51.063028
                        ],
                        [
                            13.599418,
                            51.063748
                        ],
                        [
                            13.599063,
                            51.06389
                        ],
                        [
                            13.599345,
                            51.064183
                        ],
                        [
                            13.599941,
                            51.064002
                        ],
                        [
                            13.600009,
                            51.0641
                        ],
                        [
                            13.599077,
                            51.064431
                        ],
                        [
                            13.599024,
                            51.064553
                        ],
                        [
                            13.599351,
                            51.064902
                        ],
                        [
                            13.599135,
                            51.065062
                        ],
                        [
                            13.599262,
                            51.065525
                        ],
                        [
                            13.599936,
                            51.066284
                        ],
                        [
                            13.599912,
                            51.066608
                        ],
                        [
                            13.600147,
                            51.066941
                        ],
                        [
                            13.600029,
                            51.067168
                        ],
                        [
                            13.599419,
                            51.067505
                        ],
                        [
                            13.599019,
                            51.068016
                        ]
                    ]
                ]
            },
            "properties": {
                "bez": "Mobschatz",
                "flaeche_km2": 8.5099,
                "sst": null,
                "sst_klar": null,
                "historie": "akt",
                "aend": "20.03.2025 00:00:00"
            },
            "id": "Mobschatz"
        },
        {
            "type": "Feature",
            "geometry": {
                "type": "Polygon",
                "coordinates": [
                    [
                        [
                            13.710932,
                            51.040073
                        ],
                        [
                            13.711987,
                            51.039593
                        ],
                        [
                            13.712909,
                            51.040236
                        ],
                        [
                            13.713536,
                            51.040626
                        ],
                        [
                            13.714134,
                            51.040422
                        ],
                        [
                            13.715266,
                            51.041485
                        ],
                        [
                            13.716122,
                            51.042581
                        ],
                        [
                            13.717132,
                            51.043332
                        ],
                        [
                            13.71846,
                            51.043858
                        ],
                        [
                            13.719229,
                            51.044023
                        ],
                        [
                            13.720659,
                            51.044015
                        ],
                        [
                            13.721107,
                            51.043833
                        ],
                        [
                            13.721761,
                            51.044282
                        ],
                        [
                            13.722204,
                            51.04449
                        ],
                        [
                            13.722677,
                            51.044243
                        ],
                        [
                            13.722086,
                            51.043593
                        ],
                        [
                            13.722383,
                            51.043499
                        ],
                        [
                            13.723905,
                            51.042813
                        ],
                        [
                            13.724112,
                            51.04288
                        ],
                        [
                            13.725347,
                            51.042307
                        ],
                        [
                            13.725736,
                            51.042039
                        ],
                        [
                            13.72648,
                            51.041654
                        ],
                        [
                            13.728839,
                            51.040513
                        ],
                        [
                            13.729545,
                            51.040205
                        ],
                        [
                            13.730212,
                            51.039983
                        ],
                        [
                            13.730276,
                            51.040063
                        ],
                        [
                            13.733276,
                            51.039083
                        ],
                        [
                            13.733369,
                            51.038953
                        ],
                        [
                            13.735058,
                            51.038385
                        ],
                        [
                            13.73689,
                            51.037805
                        ],
                        [
                            13.7373,
                            51.038306
                        ],
                        [
                            13.738181,
                            51.03817
                        ],
                        [
                            13.739298,
                            51.037877
                        ],
                        [
                            13.743633,
                            51.036459
                        ],
                        [
                            13.7445,
                            51.03619
                        ],
                        [
                            13.747362,
                            51.035253
                        ],
                        [
                            13.749306,
                            51.034629
                        ],
                        [
                            13.748989,
                            51.033743
                        ],
                        [
                            13.749403,
                            51.033353
                        ],
                        [
                            13.751582,
                            51.030036
                        ],
                        [
                            13.752121,
                            51.029319
                        ],
                        [
                            13.752767,
                            51.028597
                        ],
                        [
                            13.753813,
                            51.027651
                        ],
                        [
                            13.754587,
                            51.027068
                        ],
                        [
                            13.755382,
                            51.026521
                        ],
                        [
                            13.755643,
                            51.026288
                        ],
                        [
                            13.756878,
                            51.025433
                        ],
                        [
                            13.756331,
                            51.025152
                        ],
                        [
                            13.756005,
                            51.025091
                        ],
                        [
                            13.755457,
                            51.02516
                        ],
                        [
                            13.75302,
                            51.023631
                        ],
                        [
                            13.751796,
                            51.022767
                        ],
                        [
                            13.751306,
                            51.022973
                        ],
                        [
                            13.750355,
                            51.022111
                        ],
                        [
                            13.749329,
                            51.021394
                        ],
                        [
                            13.748965,
                            51.021095
                        ],
                        [
                            13.748505,
                            51.020425
                        ],
                        [
                            13.748104,
                            51.020038
                        ],
                        [
                            13.74749,
                            51.019764
                        ],
                        [
                            13.74833,
                            51.019084
                        ],
                        [
                            13.748857,
                            51.018761
                        ],
                        [
                            13.749434,
                            51.018092
                        ],
                        [
                            13.749834,
                            51.017726
                        ],
                        [
                            13.751002,
                            51.017507
                        ],
                        [
                            13.750795,
                            51.016381
                        ],
                        [
                            13.751085,
                            51.016058
                        ],
                        [
                            13.751375,
                            51.01502
                        ],
                        [
                            13.751503,
                            51.014933
                        ],
                        [
                            13.754163,
                            51.015312
                        ],
                        [
                            13.755518,
                            51.015768
                        ],
                        [
                            13.755071,
                            51.014577
                        ],
                        [
                            13.754452,
                            51.013899
                        ],
                        [
                            13.754562,
                            51.013842
                        ],
                        [
                            13.75552,
                            51.011267
                        ],
                        [
                            13.755994,
                            51.011366
                        ],
                        [
                            13.756233,
                            51.010864
                        ],
                        [
                            13.756874,
                            51.010994
                        ],
                        [
                            13.757144,
                            51.010498
                        ],
                        [
                            13.757806,
                            51.010757
                        ],
                        [
                            13.758635,
                            51.009917
                        ],
                        [
                            13.758843,
                            51.009795
                        ],
                        [
                            13.75943,
                            51.009231
                        ],
                        [
                            13.760189,
                            51.009537
                        ],
                        [
                            13.76054,
                            51.009193
                        ],
                        [
                            13.759144,
                            51.008586
                        ],
                        [
                            13.758408,
                            51.008228
                        ],
                        [
                            13.757988,
                            51.008103
                        ],
                        [
                            13.75725,
                            51.00728
                        ],
                        [
                            13.756935,
                            51.007011
                        ],
                        [
                            13.75665,
                            51.006304
                        ],
                        [
                            13.755942,
                            51.005788
                        ],
                        [
                            13.755799,
                            51.005549
                        ],
                        [
                            13.755703,
                            51.005089
                        ],
                        [
                            13.755093,
                            51.004631
                        ],
                        [
                            13.75425,
                            51.004178
                        ],
                        [
                            13.754219,
                            51.003605
                        ],
                        [
                            13.754056,
                            51.00298
                        ],
                        [
                            13.754019,
                            51.002207
                        ],
                        [
                            13.754095,
                            51.001769
                        ],
                        [
                            13.755773,
                            51.001238
                        ],
                        [
                            13.756141,
                            51.001074
                        ],
                        [
                            13.756672,
                            51.000943
                        ],
                        [
                            13.756738,
                            51.000832
                        ],
                        [
                            13.756653,
                            51.000554
                        ],
                        [
                            13.756442,
                            51.00053
                        ],
                        [
                            13.756138,
                            51.000291
                        ],
                        [
                            13.755681,
                            51.000448
                        ],
                        [
                            13.754926,
                            51.000595
                        ],
                        [
                            13.754206,
                            50.999667
                        ],
                        [
                            13.753484,
                            50.999928
                        ],
                        [
                            13.751875,
                            51.000445
                        ],
                        [
                            13.751141,
                            50.999631
                        ],
                        [
                            13.750781,
                            50.999919
                        ],
                        [
                            13.749857,
                            51.000481
                        ],
                        [
                            13.749596,
                            51.000828
                        ],
                        [
                            13.748511,
                            51.001707
                        ],
                        [
                            13.748843,
                            51.001945
                        ],
                        [
                            13.74818,
                            51.002884
                        ],
                        [
                            13.74695,
                            51.002828
                        ],
                        [
                            13.746089,
                            51.00274
                        ],
                        [
                            13.745446,
                            51.0029
                        ],
                        [
                            13.743934,
                            51.0031
                        ],
                        [
                            13.743987,
                            51.003177
                        ],
                        [
                            13.743803,
                            51.004131
                        ],
                        [
                            13.741783,
                            51.004065
                        ],
                        [
                            13.741551,
                            51.005116
                        ],
                        [
                            13.741239,
                            51.005735
                        ],
                        [
                            13.740008,
                            51.005331
                        ],
                        [
                            13.739666,
                            51.005727
                        ],
                        [
                            13.739447,
                            51.00563
                        ],
                        [
                            13.738997,
                            51.006112
                        ],
                        [
                            13.739634,
                            51.006348
                        ],
                        [
                            13.740011,
                            51.006703
                        ],
                        [
                            13.739979,
                            51.00682
                        ],
                        [
                            13.739384,
                            51.007311
                        ],
                        [
                            13.738287,
                            51.008084
                        ],
                        [
                            13.737675,
                            51.008288
                        ],
                        [
                            13.737112,
                            51.008407
                        ],
                        [
                            13.736088,
                            51.008536
                        ],
                        [
                            13.732286,
                            51.008649
                        ],
                        [
                            13.732209,
                            51.008663
                        ],
                        [
                            13.732475,
                            51.009725
                        ],
                        [
                            13.730992,
                            51.009731
                        ],
                        [
                            13.730922,
                            51.010149
                        ],
                        [
                            13.730239,
                            51.01017
                        ],
                        [
                            13.729864,
                            51.010114
                        ],
                        [
                            13.729133,
                            51.010118
                        ],
                        [
                            13.727495,
                            51.010075
                        ],
                        [
                            13.726711,
                            51.009997
                        ],
                        [
                            13.725889,
                            51.009814
                        ],
                        [
                            13.725581,
                            51.009347
                        ],
                        [
                            13.72503,
                            51.008821
                        ],
                        [
                            13.724457,
                            51.009111
                        ],
                        [
                            13.723957,
                            51.008705
                        ],
                        [
                            13.723604,
                            51.008575
                        ],
                        [
                            13.722868,
                            51.008059
                        ],
                        [
                            13.722918,
                            51.007817
                        ],
                        [
                            13.722015,
                            51.007708
                        ],
                        [
                            13.721647,
                            51.007898
                        ],
                        [
                            13.72074,
                            51.007071
                        ],
                        [
                            13.71953,
                            51.00734
                        ],
                        [
                            13.719021,
                            51.007366
                        ],
                        [
                            13.718929,
                            51.007105
                        ],
                        [
                            13.717785,
                            51.00746
                        ],
                        [
                            13.717296,
                            51.007558
                        ],
                        [
                            13.716533,
                            51.007108
                        ],
                        [
                            13.71547,
                            51.007659
                        ],
                        [
                            13.715044,
                            51.007372
                        ],
                        [
                            13.714734,
                            51.007495
                        ],
                        [
                            13.71375,
                            51.008078
                        ],
                        [
                            13.713341,
                            51.007433
                        ],
                        [
                            13.712892,
                            51.006842
                        ],
                        [
                            13.711387,
                            51.006263
                        ],
                        [
                            13.710108,
                            51.005847
                        ],
                        [
                            13.708537,
                            51.005102
                        ],
                        [
                            13.707067,
                            51.004714
                        ],
                        [
                            13.706035,
                            51.004817
                        ],
                        [
                            13.705744,
                            51.004895
                        ],
                        [
                            13.704926,
                            51.004882
                        ],
                        [
                            13.704172,
                            51.004793
                        ],
                        [
                            13.702733,
                            51.004704
                        ],
                        [
                            13.702199,
                            51.004917
                        ],
                        [
                            13.701558,
                            51.004945
                        ],
                        [
                            13.701272,
                            51.005368
                        ],
                        [
                            13.701059,
                            51.0052
                        ],
                        [
                            13.700014,
                            51.005298
                        ],
                        [
                            13.699468,
                            51.005112
                        ],
                        [
                            13.69927,
                            51.004915
                        ],
                        [
                            13.698666,
                            51.004953
                        ],
                        [
                            13.698333,
                            51.004729
                        ],
                        [
                            13.698043,
                            51.00477
                        ],
                        [
                            13.697871,
                            51.004602
                        ],
                        [
                            13.69721,
                            51.004469
                        ],
                        [
                            13.697175,
                            51.00435
                        ],
                        [
                            13.696738,
                            51.004076
                        ],
                        [
                            13.696046,
                            51.003781
                        ],
                        [
                            13.695657,
                            51.003387
                        ],
                        [
                            13.695145,
                            51.003269
                        ],
                        [
                            13.694901,
                            51.003039
                        ],
                        [
                            13.694877,
                            51.002542
                        ],
                        [
                            13.693883,
                            51.002553
                        ],
                        [
                            13.693332,
                            51.002796
                        ],
                        [
                            13.69269,
                            51.00288
                        ],
                        [
                            13.691756,
                            51.002906
                        ],
                        [
                            13.690557,
                            51.002636
                        ],
                        [
                            13.689034,
                            51.002621
                        ],
                        [
                            13.688433,
                            51.002682
                        ],
                        [
                            13.68748,
                            51.002881
                        ],
                        [
                            13.686912,
                            51.002344
                        ],
                        [
                            13.686344,
                            51.002628
                        ],
                        [
                            13.686748,
                            51.003014
                        ],
                        [
                            13.686081,
                            51.003177
                        ],
                        [
                            13.686047,
                            51.003521
                        ],
                        [
                            13.68644,
                            51.004163
                        ],
                        [
                            13.687283,
                            51.004894
                        ],
                        [
                            13.686972,
                            51.005159
                        ],
                        [
                            13.68721,
                            51.005528
                        ],
                        [
                            13.687633,
                            51.00569
                        ],
                        [
                            13.687472,
                            51.006222
                        ],
                        [
                            13.686869,
                            51.007368
                        ],
                        [
                            13.686267,
                            51.008129
                        ],
                        [
                            13.68593,
                            51.008352
                        ],
                        [
                            13.685103,
                            51.009127
                        ],
                        [
                            13.684608,
                            51.009405
                        ],
                        [
                            13.683388,
                            51.010544
                        ],
                        [
                            13.683294,
                            51.010977
                        ],
                        [
                            13.683077,
                            51.011478
                        ],
                        [
                            13.682554,
                            51.011988
                        ],
                        [
                            13.682455,
                            51.012252
                        ],
                        [
                            13.68239,
                            51.012866
                        ],
                        [
                            13.682451,
                            51.013499
                        ],
                        [
                            13.682361,
                            51.013652
                        ],
                        [
                            13.681442,
                            51.014534
                        ],
                        [
                            13.681407,
                            51.014928
                        ],
                        [
                            13.681043,
                            51.015255
                        ],
                        [
                            13.680668,
                            51.01546
                        ],
                        [
                            13.68019,
                            51.015577
                        ],
                        [
                            13.67973,
                            51.01559
                        ],
                        [
                            13.678591,
                            51.015432
                        ],
                        [
                            13.678276,
                            51.015504
                        ],
                        [
                            13.676872,
                            51.016151
                        ],
                        [
                            13.675906,
                            51.017006
                        ],
                        [
                            13.675788,
                            51.017275
                        ],
                        [
                            13.675954,
                            51.017668
                        ],
                        [
                            13.676247,
                            51.017946
                        ],
                        [
                            13.676886,
                            51.018378
                        ],
                        [
                            13.677454,
                            51.018827
                        ],
                        [
                            13.678455,
                            51.019783
                        ],
                        [
                            13.679761,
                            51.020514
                        ],
                        [
                            13.680186,
                            51.020693
                        ],
                        [
                            13.680754,
                            51.020816
                        ],
                        [
                            13.682168,
                            51.020828
                        ],
                        [
                            13.683006,
                            51.020688
                        ],
                        [
                            13.683201,
                            51.020609
                        ],
                        [
                            13.68395,
                            51.02054
                        ],
                        [
                            13.684652,
                            51.020545
                        ],
                        [
                            13.685136,
                            51.020637
                        ],
                        [
                            13.685934,
                            51.021231
                        ],
                        [
                            13.686117,
                            51.021453
                        ],
                        [
                            13.686223,
                            51.021882
                        ],
                        [
                            13.686752,
                            51.022354
                        ],
                        [
                            13.687186,
                            51.022592
                        ],
                        [
                            13.687824,
                            51.022706
                        ],
                        [
                            13.688491,
                            51.02264
                        ],
                        [
                            13.688982,
                            51.022488
                        ],
                        [
                            13.689309,
                            51.022013
                        ],
                        [
                            13.689706,
                            51.021855
                        ],
                        [
                            13.690686,
                            51.021861
                        ],
                        [
                            13.693005,
                            51.021836
                        ],
                        [
                            13.695684,
                            51.02178
                        ],
                        [
                            13.696505,
                            51.021797
                        ],
                        [
                            13.698016,
                            51.021926
                        ],
                        [
                            13.699315,
                            51.022195
                        ],
                        [
                            13.699946,
                            51.02238
                        ],
                        [
                            13.701153,
                            51.022573
                        ],
                        [
                            13.701585,
                            51.022582
                        ],
                        [
                            13.70257,
                            51.022738
                        ],
                        [
                            13.702825,
                            51.022895
                        ],
                        [
                            13.70281,
                            51.023453
                        ],
                        [
                            13.70254,
                            51.023954
                        ],
                        [
                            13.702111,
                            51.024402
                        ],
                        [
                            13.701703,
                            51.024681
                        ],
                        [
                            13.700502,
                            51.025391
                        ],
                        [
                            13.700268,
                            51.025817
                        ],
                        [
                            13.700211,
                            51.026138
                        ],
                        [
                            13.700275,
                            51.026948
                        ],
                        [
                            13.700585,
                            51.028494
                        ],
                        [
                            13.700736,
                            51.02892
                        ],
                        [
                            13.701176,
                            51.029665
                        ],
                        [
                            13.701638,
                            51.030186
                        ],
                        [
                            13.702139,
                            51.030649
                        ],
                        [
                            13.702819,
                            51.031143
                        ],
                        [
                            13.704134,
                            51.032314
                        ],
                        [
                            13.704627,
                            51.032953
                        ],
                        [
                            13.704718,
                            51.033408
                        ],
                        [
                            13.704518,
                            51.034237
                        ],
                        [
                            13.704536,
                            51.034437
                        ],
                        [
                            13.70535,
                            51.034262
                        ],
                        [
                            13.706956,
                            51.033795
                        ],
                        [
                            13.707325,
                            51.034271
                        ],
                        [
                            13.707446,
                            51.034263
                        ],
                        [
                            13.707997,
                            51.035202
                        ],
                        [
                            13.707826,
                            51.035245
                        ],
                        [
                            13.708482,
                            51.036368
                        ],
                        [
                            13.710557,
                            51.039357
                        ],
                        [
                            13.71048,
                            51.039384
                        ],
                        [
                            13.710932,
                            51.040073
                        ]
                    ]
                ]
            },
            "properties": {
                "bez": "Plauen",
                "flaeche_km2": 15.786100000000001,
                "sst": null,
                "sst_klar": null,
                "historie": "akt",
                "aend": "20.03.2025 00:00:00"
            },
            "id": "Plauen"
        },
        {
            "type": "Feature",
            "geometry": {
                "type": "Polygon",
                "coordinates": [
                    [
                        [
                            13.808521,
                            51.011475
                        ],
                        [
                            13.810142,
                            51.012583
                        ],
                        [
                            13.811098,
                            51.013466
                        ],
                        [
                            13.812866,
                            51.014414
                        ],
                        [
                            13.813926,
                            51.014922
                        ],
                        [
                            13.815949,
                            51.016028
                        ],
                        [
                            13.816161,
                            51.016257
                        ],
                        [
                            13.817275,
                            51.015361
                        ],
                        [
                            13.817722,
                            51.01562
                        ],
                        [
                            13.818089,
                            51.016058
                        ],
                        [
                            13.818149,
                            51.016659
                        ],
                        [
                            13.818078,
                            51.017249
                        ],
                        [
                            13.817975,
                            51.018654
                        ],
                        [
                            13.817911,
                            51.018853
                        ],
                        [
                            13.817516,
                            51.019481
                        ],
                        [
                            13.817499,
                            51.020031
                        ],
                        [
                            13.817574,
                            51.020229
                        ],
                        [
                            13.818073,
                            51.020908
                        ],
                        [
                            13.818379,
                            51.021895
                        ],
                        [
                            13.818094,
                            51.022564
                        ],
                        [
                            13.818169,
                            51.023007
                        ],
                        [
                            13.819701,
                            51.024524
                        ],
                        [
                            13.820114,
                            51.025078
                        ],
                        [
                            13.820467,
                            51.025656
                        ],
                        [
                            13.820657,
                            51.025568
                        ],
                        [
                            13.820943,
                            51.026027
                        ],
                        [
                            13.821175,
                            51.02625
                        ],
                        [
                            13.823258,
                            51.027605
                        ],
                        [
                            13.823623,
                            51.027736
                        ],
                        [
                            13.826759,
                            51.028569
                        ],
                        [
                            13.827497,
                            51.028797
                        ],
                        [
                            13.828177,
                            51.029185
                        ],
                        [
                            13.828733,
                            51.029706
                        ],
                        [
                            13.82889,
                            51.030004
                        ],
                        [
                            13.828827,
                            51.030792
                        ],
                        [
                            13.829155,
                            51.031479
                        ],
                        [
                            13.829498,
                            51.031946
                        ],
                        [
                            13.829525,
                            51.032099
                        ],
                        [
                            13.830607,
                            51.033491
                        ],
                        [
                            13.831389,
                            51.034281
                        ],
                        [
                            13.832567,
                            51.035615
                        ],
                        [
                            13.833534,
                            51.035242
                        ],
                        [
                            13.834818,
                            51.034684
                        ],
                        [
                            13.835483,
                            51.03431
                        ],
                        [
                            13.837097,
                            51.033276
                        ],
                        [
                            13.837766,
                            51.032767
                        ],
                        [
                            13.838244,
                            51.03227
                        ],
                        [
                            13.83863,
                            51.031788
                        ],
                        [
                            13.839216,
                            51.031192
                        ],
                        [
                            13.839697,
                            51.030551
                        ],
                        [
                            13.840031,
                            51.029545
                        ],
                        [
                            13.840579,
                            51.027158
                        ],
                        [
                            13.841086,
                            51.025607
                        ],
                        [
                            13.841556,
                            51.024484
                        ],
                        [
                            13.842227,
                            51.023468
                        ],
                        [
                            13.842626,
                            51.022771
                        ],
                        [
                            13.843692,
                            51.021571
                        ],
                        [
                            13.844366,
                            51.020848
                        ],
                        [
                            13.844978,
                            51.020275
                        ],
                        [
                            13.84674,
                            51.018835
                        ],
                        [
                            13.847397,
                            51.018351
                        ],
                        [
                            13.847996,
                            51.017797
                        ],
                        [
                            13.849286,
                            51.016771
                        ],
                        [
                            13.850724,
                            51.015849
                        ],
                        [
                            13.852112,
                            51.015028
                        ],
                        [
                            13.853973,
                            51.014004
                        ],
                        [
                            13.855744,
                            51.013121
                        ],
                        [
                            13.856934,
                            51.012596
                        ],
                        [
                            13.857928,
                            51.012236
                        ],
                        [
                            13.858657,
                            51.01203
                        ],
                        [
                            13.861079,
                            51.011292
                        ],
                        [
                            13.86163,
                            51.011108
                        ],
                        [
                            13.86315,
                            51.010443
                        ],
                        [
                            13.864828,
                            51.009582
                        ],
                        [
                            13.866431,
                            51.008613
                        ],
                        [
                            13.866509,
                            51.008062
                        ],
                        [
                            13.86676,
                            51.007604
                        ],
                        [
                            13.867131,
                            51.007117
                        ],
                        [
                            13.867527,
                            51.006473
                        ],
                        [
                            13.868259,
                            51.005457
                        ],
                        [
                            13.868638,
                            51.004876
                        ],
                        [
                            13.868907,
                            51.00426
                        ],
                        [
                            13.869948,
                            51.002887
                        ],
                        [
                            13.870952,
                            51.001961
                        ],
                        [
                            13.871707,
                            51.001394
                        ],
                        [
                            13.873036,
                            51.000522
                        ],
                        [
                            13.873902,
                            51.000007
                        ],
                        [
                            13.874648,
                            50.999811
                        ],
                        [
                            13.875287,
                            50.999218
                        ],
                        [
                            13.875561,
                            50.998705
                        ],
                        [
                            13.876376,
                            50.997452
                        ],
                        [
                            13.876764,
                            50.99675
                        ],
                        [
                            13.877387,
                            50.995793
                        ],
                        [
                            13.878132,
                            50.994573
                        ],
                        [
                            13.878971,
                            50.993354
                        ],
                        [
                            13.879344,
                            50.992763
                        ],
                        [
                            13.880258,
                            50.991419
                        ],
                        [
                            13.881085,
                            50.990157
                        ],
                        [
                            13.881992,
                            50.988691
                        ],
                        [
                            13.882806,
                            50.987212
                        ],
                        [
                            13.882942,
                            50.986899
                        ],
                        [
                            13.883495,
                            50.985835
                        ],
                        [
                            13.884022,
                            50.984661
                        ],
                        [
                            13.884442,
                            50.983435
                        ],
                        [
                            13.884568,
                            50.982244
                        ],
                        [
                            13.883593,
                            50.982227
                        ],
                        [
                            13.880798,
                            50.982318
                        ],
                        [
                            13.88063,
                            50.983171
                        ],
                        [
                            13.88042,
                            50.98381
                        ],
                        [
                            13.880608,
                            50.983822
                        ],
                        [
                            13.880412,
                            50.98438
                        ],
                        [
                            13.880052,
                            50.985049
                        ],
                        [
                            13.879711,
                            50.985523
                        ],
                        [
                            13.878517,
                            50.985257
                        ],
                        [
                            13.879043,
                            50.983893
                        ],
                        [
                            13.876925,
                            50.983671
                        ],
                        [
                            13.874595,
                            50.983504
                        ],
                        [
                            13.874143,
                            50.983304
                        ],
                        [
                            13.872735,
                            50.983444
                        ],
                        [
                            13.872179,
                            50.98356
                        ],
                        [
                            13.870916,
                            50.984363
                        ],
                        [
                            13.870631,
                            50.984702
                        ],
                        [
                            13.869362,
                            50.985644
                        ],
                        [
                            13.86933,
                            50.985912
                        ],
                        [
                            13.869065,
                            50.98617
                        ],
                        [
                            13.867975,
                            50.98676
                        ],
                        [
                            13.867457,
                            50.986888
                        ],
                        [
                            13.866977,
                            50.987199
                        ],
                        [
                            13.866085,
                            50.987647
                        ],
                        [
                            13.865242,
                            50.98837
                        ],
                        [
                            13.864872,
                            50.988922
                        ],
                        [
                            13.864077,
                            50.989419
                        ],
                        [
                            13.862521,
                            50.990336
                        ],
                        [
                            13.861932,
                            50.990507
                        ],
                        [
                            13.861388,
                            50.99093
                        ],
                        [
                            13.860272,
                            50.991642
                        ],
                        [
                            13.860107,
                            50.991875
                        ],
                        [
                            13.859613,
                            50.992331
                        ],
                        [
                            13.858628,
                            50.992953
                        ],
                        [
                            13.857798,
                            50.9923
                        ],
                        [
                            13.85688,
                            50.99144
                        ],
                        [
                            13.856228,
                            50.990373
                        ],
                        [
                            13.855067,
                            50.989304
                        ],
                        [
                            13.855145,
                            50.989001
                        ],
                        [
                            13.852309,
                            50.986225
                        ],
                        [
                            13.851644,
                            50.986525
                        ],
                        [
                            13.850792,
                            50.987005
                        ],
                        [
                            13.850385,
                            50.987187
                        ],
                        [
                            13.848831,
                            50.987769
                        ],
                        [
                            13.847736,
                            50.988239
                        ],
                        [
                            13.845759,
                            50.989132
                        ],
                        [
                            13.84553,
                            50.989052
                        ],
                        [
                            13.844722,
                            50.989544
                        ],
                        [
                            13.842439,
                            50.990933
                        ],
                        [
                            13.841127,
                            50.991708
                        ],
                        [
                            13.841175,
                            50.991763
                        ],
                        [
                            13.840345,
                            50.992249
                        ],
                        [
                            13.840132,
                            50.992043
                        ],
                        [
                            13.837009,
                            50.993975
                        ],
                        [
                            13.8365,
                            50.994345
                        ],
                        [
                            13.834963,
                            50.994979
                        ],
                        [
                            13.834141,
                            50.995232
                        ],
                        [
                            13.833014,
                            50.995693
                        ],
                        [
                            13.831949,
                            50.996342
                        ],
                        [
                            13.831656,
                            50.996125
                        ],
                        [
                            13.828588,
                            50.997734
                        ],
                        [
                            13.829254,
                            50.998199
                        ],
                        [
                            13.829152,
                            50.998472
                        ],
                        [
                            13.829709,
                            50.998621
                        ],
                        [
                            13.828351,
                            50.999496
                        ],
                        [
                            13.824254,
                            51.002005
                        ],
                        [
                            13.822533,
                            51.003043
                        ],
                        [
                            13.819824,
                            51.004655
                        ],
                        [
                            13.819138,
                            51.005038
                        ],
                        [
                            13.817793,
                            51.005849
                        ],
                        [
                            13.815374,
                            51.007339
                        ],
                        [
                            13.813304,
                            51.00858
                        ],
                        [
                            13.808521,
                            51.011475
                        ]
                    ]
                ]
            },
            "properties": {
                "bez": "Leuben",
                "flaeche_km2": 13.0457,
                "sst": null,
                "sst_klar": null,
                "historie": "akt",
                "aend": "20.03.2025 00:00:00"
            },
            "id": "Leuben"
        },
        {
            "type": "Feature",
            "geometry": {
                "type": "Polygon",
                "coordinates": [
                    [
                        [
                            13.756774,
                            51.138021
                        ],
                        [
                            13.75749,
                            51.138531
                        ],
                        [
                            13.757819,
                            51.138838
                        ],
                        [
                            13.759756,
                            51.140379
                        ],
                        [
                            13.760268,
                            51.140639
                        ],
                        [
                            13.761168,
                            51.141012
                        ],
                        [
                            13.761819,
                            51.141418
                        ],
                        [
                            13.763195,
                            51.142605
                        ],
                        [
                            13.764616,
                            51.143653
                        ],
                        [
                            13.765096,
                            51.144175
                        ],
                        [
                            13.765471,
                            51.144501
                        ],
                        [
                            13.766309,
                            51.145052
                        ],
                        [
                            13.767272,
                            51.1456
                        ],
                        [
                            13.765635,
                            51.146061
                        ],
                        [
                            13.764748,
                            51.146202
                        ],
                        [
                            13.763977,
                            51.146409
                        ],
                        [
                            13.763356,
                            51.146482
                        ],
                        [
                            13.759661,
                            51.147048
                        ],
                        [
                            13.759344,
                            51.14729
                        ],
                        [
                            13.759566,
                            51.14832
                        ],
                        [
                            13.761025,
                            51.148235
                        ],
                        [
                            13.76174,
                            51.148835
                        ],
                        [
                            13.762073,
                            51.149035
                        ],
                        [
                            13.762301,
                            51.149459
                        ],
                        [
                            13.762288,
                            51.149676
                        ],
                        [
                            13.761584,
                            51.150509
                        ],
                        [
                            13.76226,
                            51.151275
                        ],
                        [
                            13.762358,
                            51.151621
                        ],
                        [
                            13.762279,
                            51.152251
                        ],
                        [
                            13.762396,
                            51.152994
                        ],
                        [
                            13.762346,
                            51.153402
                        ],
                        [
                            13.761885,
                            51.154444
                        ],
                        [
                            13.761623,
                            51.155624
                        ],
                        [
                            13.76136,
                            51.156062
                        ],
                        [
                            13.761122,
                            51.15664
                        ],
                        [
                            13.759604,
                            51.156737
                        ],
                        [
                            13.758608,
                            51.156902
                        ],
                        [
                            13.757373,
                            51.156915
                        ],
                        [
                            13.755684,
                            51.157142
                        ],
                        [
                            13.755273,
                            51.157262
                        ],
                        [
                            13.754593,
                            51.157646
                        ],
                        [
                            13.754269,
                            51.157761
                        ],
                        [
                            13.753534,
                            51.157883
                        ],
                        [
                            13.75323,
                            51.158111
                        ],
                        [
                            13.752806,
                            51.158052
                        ],
                        [
                            13.751564,
                            51.158795
                        ],
                        [
                            13.751724,
                            51.158881
                        ],
                        [
                            13.752479,
                            51.159038
                        ],
                        [
                            13.752285,
                            51.160026
                        ],
                        [
                            13.752028,
                            51.160743
                        ],
                        [
                            13.752055,
                            51.161694
                        ],
                        [
                            13.751684,
                            51.162384
                        ],
                        [
                            13.75167,
                            51.16258
                        ],
                        [
                            13.750983,
                            51.162847
                        ],
                        [
                            13.751249,
                            51.163235
                        ],
                        [
                            13.750472,
                            51.163756
                        ],
                        [
                            13.749999,
                            51.164289
                        ],
                        [
                            13.749341,
                            51.164479
                        ],
                        [
                            13.749609,
                            51.164743
                        ],
                        [
                            13.749832,
                            51.165381
                        ],
                        [
                            13.749685,
                            51.165848
                        ],
                        [
                            13.749727,
                            51.166745
                        ],
                        [
                            13.750257,
                            51.167363
                        ],
                        [
                            13.750469,
                            51.167696
                        ],
                        [
                            13.750058,
                            51.16811
                        ],
                        [
                            13.750115,
                            51.168405
                        ],
                        [
                            13.749742,
                            51.169093
                        ],
                        [
                            13.749263,
                            51.169817
                        ],
                        [
                            13.748062,
                            51.171141
                        ],
                        [
                            13.747304,
                            51.17177
                        ],
                        [
                            13.747376,
                            51.172676
                        ],
                        [
                            13.74751,
                            51.173022
                        ],
                        [
                            13.746686,
                            51.173943
                        ],
                        [
                            13.746199,
                            51.174567
                        ],
                        [
                            13.745803,
                            51.174909
                        ],
                        [
                            13.744732,
                            51.175473
                        ],
                        [
                            13.744681,
                            51.175544
                        ],
                        [
                            13.744534,
                            51.176609
                        ],
                        [
                            13.744643,
                            51.177123
                        ],
                        [
                            13.744865,
                            51.177345
                        ],
                        [
                            13.745344,
                            51.177595
                        ],
                        [
                            13.74599,
                            51.177673
                        ],
                        [
                            13.746694,
                            51.177686
                        ],
                        [
                            13.748957,
                            51.177553
                        ],
                        [
                            13.750919,
                            51.177352
                        ],
                        [
                            13.753833,
                            51.177327
                        ],
                        [
                            13.75429,
                            51.177193
                        ],
                        [
                            13.755716,
                            51.176451
                        ],
                        [
                            13.756499,
                            51.176108
                        ],
                        [
                            13.757573,
                            51.175048
                        ],
                        [
                            13.759421,
                            51.174098
                        ],
                        [
                            13.760897,
                            51.174067
                        ],
                        [
                            13.762261,
                            51.173883
                        ],
                        [
                            13.762897,
                            51.173889
                        ],
                        [
                            13.7634,
                            51.174213
                        ],
                        [
                            13.764613,
                            51.174577
                        ],
                        [
                            13.765513,
                            51.174902
                        ],
                        [
                            13.766192,
                            51.174693
                        ],
                        [
                            13.767635,
                            51.174681
                        ],
                        [
                            13.768355,
                            51.174722
                        ],
                        [
                            13.769081,
                            51.174902
                        ],
                        [
                            13.770414,
                            51.174788
                        ],
                        [
                            13.771673,
                            51.174209
                        ],
                        [
                            13.772413,
                            51.173581
                        ],
                        [
                            13.772839,
                            51.173077
                        ],
                        [
                            13.773672,
                            51.172204
                        ],
                        [
                            13.77412,
                            51.171831
                        ],
                        [
                            13.774755,
                            51.171213
                        ],
                        [
                            13.775986,
                            51.170282
                        ],
                        [
                            13.776286,
                            51.169986
                        ],
                        [
                            13.777967,
                            51.168883
                        ],
                        [
                            13.779018,
                            51.16824
                        ],
                        [
                            13.780621,
                            51.167365
                        ],
                        [
                            13.780176,
                            51.166974
                        ],
                        [
                            13.779714,
                            51.16598
                        ],
                        [
                            13.78031,
                            51.165956
                        ],
                        [
                            13.780758,
                            51.166157
                        ],
                        [
                            13.781821,
                            51.166251
                        ],
                        [
                            13.782736,
                            51.166287
                        ],
                        [
                            13.783891,
                            51.16619
                        ],
                        [
                            13.786079,
                            51.165898
                        ],
                        [
                            13.787175,
                            51.165796
                        ],
                        [
                            13.788021,
                            51.165802
                        ],
                        [
                            13.789761,
                            51.166196
                        ],
                        [
                            13.790749,
                            51.166522
                        ],
                        [
                            13.792785,
                            51.167148
                        ],
                        [
                            13.79514,
                            51.167827
                        ],
                        [
                            13.798483,
                            51.16866
                        ],
                        [
                            13.798078,
                            51.169685
                        ],
                        [
                            13.798861,
                            51.169783
                        ],
                        [
                            13.799903,
                            51.169308
                        ],
                        [
                            13.800834,
                            51.168783
                        ],
                        [
                            13.801394,
                            51.168536
                        ],
                        [
                            13.801977,
                            51.168387
                        ],
                        [
                            13.802125,
                            51.168067
                        ],
                        [
                            13.803124,
                            51.166448
                        ],
                        [
                            13.80371,
                            51.165611
                        ],
                        [
                            13.804799,
                            51.164344
                        ],
                        [
                            13.805132,
                            51.163402
                        ],
                        [
                            13.805317,
                            51.162733
                        ],
                        [
                            13.805717,
                            51.161511
                        ],
                        [
                            13.805806,
                            51.159466
                        ],
                        [
                            13.807238,
                            51.159257
                        ],
                        [
                            13.807466,
                            51.159397
                        ],
                        [
                            13.807922,
                            51.159475
                        ],
                        [
                            13.808105,
                            51.158865
                        ],
                        [
                            13.808399,
                            51.158885
                        ],
                        [
                            13.809587,
                            51.155671
                        ],
                        [
                            13.809996,
                            51.155738
                        ],
                        [
                            13.81018,
                            51.155322
                        ],
                        [
                            13.810552,
                            51.155247
                        ],
                        [
                            13.812741,
                            51.155401
                        ],
                        [
                            13.813182,
                            51.155403
                        ],
                        [
                            13.814186,
                            51.15529
                        ],
                        [
                            13.815814,
                            51.155016
                        ],
                        [
                            13.817106,
                            51.154545
                        ],
                        [
                            13.818726,
                            51.153922
                        ],
                        [
                            13.820946,
                            51.152783
                        ],
                        [
                            13.822455,
                            51.151937
                        ],
                        [
                            13.824292,
                            51.150956
                        ],
                        [
                            13.824847,
                            51.150591
                        ],
                        [
                            13.82645,
                            51.149769
                        ],
                        [
                            13.827067,
                            51.149503
                        ],
                        [
                            13.828556,
                            51.148686
                        ],
                        [
                            13.828806,
                            51.14848
                        ],
                        [
                            13.830323,
                            51.146693
                        ],
                        [
                            13.830456,
                            51.146748
                        ],
                        [
                            13.831118,
                            51.145357
                        ],
                        [
                            13.829115,
                            51.144304
                        ],
                        [
                            13.828179,
                            51.143665
                        ],
                        [
                            13.82743,
                            51.143101
                        ],
                        [
                            13.82669,
                            51.142397
                        ],
                        [
                            13.826225,
                            51.141853
                        ],
                        [
                            13.82575,
                            51.141536
                        ],
                        [
                            13.823333,
                            51.140395
                        ],
                        [
                            13.822817,
                            51.140122
                        ],
                        [
                            13.821111,
                            51.138947
                        ],
                        [
                            13.820695,
                            51.138464
                        ],
                        [
                            13.820222,
                            51.137812
                        ],
                        [
                            13.819096,
                            51.137945
                        ],
                        [
                            13.817891,
                            51.138179
                        ],
                        [
                            13.817448,
                            51.138846
                        ],
                        [
                            13.816211,
                            51.138482
                        ],
                        [
                            13.81329,
                            51.137923
                        ],
                        [
                            13.812779,
                            51.137584
                        ],
                        [
                            13.812382,
                            51.137198
                        ],
                        [
                            13.811985,
                            51.136463
                        ],
                        [
                            13.811215,
                            51.135541
                        ],
                        [
                            13.808661,
                            51.135337
                        ],
                        [
                            13.807488,
                            51.135016
                        ],
                        [
                            13.805258,
                            51.133722
                        ],
                        [
                            13.807611,
                            51.131614
                        ],
                        [
                            13.807926,
                            51.13125
                        ],
                        [
                            13.808092,
                            51.130914
                        ],
                        [
                            13.808403,
                            51.130013
                        ],
                        [
                            13.808337,
                            51.129449
                        ],
                        [
                            13.807899,
                            51.128642
                        ],
                        [
                            13.806982,
                            51.128477
                        ],
                        [
                            13.805716,
                            51.128148
                        ],
                        [
                            13.804846,
                            51.127895
                        ],
                        [
                            13.806476,
                            51.128631
                        ],
                        [
                            13.806257,
                            51.128791
                        ],
                        [
                            13.806974,
                            51.129259
                        ],
                        [
                            13.807345,
                            51.129664
                        ],
                        [
                            13.807541,
                            51.130118
                        ],
                        [
                            13.807427,
                            51.130618
                        ],
                        [
                            13.806953,
                            51.13108
                        ],
                        [
                            13.807169,
                            51.131346
                        ],
                        [
                            13.806398,
                            51.132162
                        ],
                        [
                            13.804871,
                            51.133473
                        ],
                        [
                            13.803804,
                            51.132735
                        ],
                        [
                            13.801709,
                            51.133396
                        ],
                        [
                            13.801856,
                            51.134793
                        ],
                        [
                            13.802252,
                            51.135801
                        ],
                        [
                            13.801559,
                            51.136469
                        ],
                        [
                            13.800981,
                            51.136924
                        ],
                        [
                            13.800661,
                            51.136967
                        ],
                        [
                            13.798716,
                            51.135445
                        ],
                        [
                            13.798004,
                            51.135024
                        ],
                        [
                            13.798373,
                            51.134794
                        ],
                        [
                            13.798024,
                            51.134588
                        ],
                        [
                            13.797701,
                            51.134794
                        ],
                        [
                            13.79651,
                            51.133882
                        ],
                        [
                            13.794915,
                            51.132924
                        ],
                        [
                            13.794752,
                            51.132358
                        ],
                        [
                            13.794293,
                            51.132411
                        ],
                        [
                            13.794363,
                            51.132622
                        ],
                        [
                            13.790484,
                            51.133068
                        ],
                        [
                            13.788947,
                            51.132279
                        ],
                        [
                            13.787956,
                            51.131588
                        ],
                        [
                            13.786928,
                            51.130586
                        ],
                        [
                            13.786534,
                            51.130132
                        ],
                        [
                            13.78553,
                            51.13065
                        ],
                        [
                            13.784824,
                            51.131108
                        ],
                        [
                            13.783789,
                            51.131532
                        ],
                        [
                            13.783511,
                            51.131748
                        ],
                        [
                            13.784467,
                            51.132439
                        ],
                        [
                            13.78514,
                            51.132789
                        ],
                        [
                            13.785899,
                            51.133037
                        ],
                        [
                            13.784498,
                            51.134669
                        ],
                        [
                            13.784016,
                            51.134716
                        ],
                        [
                            13.783569,
                            51.135175
                        ],
                        [
                            13.782989,
                            51.135571
                        ],
                        [
                            13.781776,
                            51.136017
                        ],
                        [
                            13.782,
                            51.136212
                        ],
                        [
                            13.783081,
                            51.1366
                        ],
                        [
                            13.78419,
                            51.13718
                        ],
                        [
                            13.785154,
                            51.13782
                        ],
                        [
                            13.785939,
                            51.138516
                        ],
                        [
                            13.786988,
                            51.139261
                        ],
                        [
                            13.78307,
                            51.141166
                        ],
                        [
                            13.784641,
                            51.14219
                        ],
                        [
                            13.785785,
                            51.142864
                        ],
                        [
                            13.786682,
                            51.143084
                        ],
                        [
                            13.787976,
                            51.143458
                        ],
                        [
                            13.789055,
                            51.144749
                        ],
                        [
                            13.789524,
                            51.145443
                        ],
                        [
                            13.790272,
                            51.146408
                        ],
                        [
                            13.790215,
                            51.146491
                        ],
                        [
                            13.789098,
                            51.14617
                        ],
                        [
                            13.788667,
                            51.146116
                        ],
                        [
                            13.788239,
                            51.146163
                        ],
                        [
                            13.784577,
                            51.146278
                        ],
                        [
                            13.783816,
                            51.146235
                        ],
                        [
                            13.783023,
                            51.146243
                        ],
                        [
                            13.782542,
                            51.146363
                        ],
                        [
                            13.781417,
                            51.146366
                        ],
                        [
                            13.777569,
                            51.143708
                        ],
                        [
                            13.775113,
                            51.142023
                        ],
                        [
                            13.774142,
                            51.141696
                        ],
                        [
                            13.773647,
                            51.141484
                        ],
                        [
                            13.772834,
                            51.141
                        ],
                        [
                            13.773035,
                            51.140592
                        ],
                        [
                            13.772636,
                            51.140376
                        ],
                        [
                            13.77149,
                            51.139614
                        ],
                        [
                            13.770605,
                            51.138969
                        ],
                        [
                            13.770115,
                            51.139204
                        ],
                        [
                            13.769186,
                            51.138425
                        ],
                        [
                            13.768244,
                            51.13759
                        ],
                        [
                            13.765611,
                            51.135646
                        ],
                        [
                            13.765091,
                            51.135189
                        ],
                        [
                            13.76466,
                            51.135318
                        ],
                        [
                            13.763918,
                            51.135413
                        ],
                        [
                            13.76356,
                            51.135652
                        ],
                        [
                            13.763566,
                            51.13577
                        ],
                        [
                            13.763004,
                            51.136368
                        ],
                        [
                            13.762953,
                            51.136666
                        ],
                        [
                            13.762512,
                            51.136737
                        ],
                        [
                            13.761324,
                            51.137367
                        ],
                        [
                            13.760893,
                            51.13742
                        ],
                        [
                            13.760083,
                            51.137255
                        ],
                        [
                            13.759167,
                            51.137359
                        ],
                        [
                            13.758198,
                            51.137329
                        ],
                        [
                            13.757455,
                            51.137476
                        ],
                        [
                            13.756774,
                            51.138021
                        ]
                    ]
                ]
            },
            "properties": {
                "bez": "Weixdorf",
                "flaeche_km2": 15.564100000000002,
                "sst": null,
                "sst_klar": null,
                "historie": "akt",
                "aend": "20.03.2025 00:00:00"
            },
            "id": "Weixdorf"
        },
        {
            "type": "Feature",
            "geometry": {
                "type": "Polygon",
                "coordinates": [
                    [
                        [
                            13.769381,
                            51.028055
                        ],
                        [
                            13.770401,
                            51.029036
                        ],
                        [
                            13.771145,
                            51.029814
                        ],
                        [
                            13.770949,
                            51.029877
                        ],
                        [
                            13.772588,
                            51.031541
                        ],
                        [
                            13.774298,
                            51.033235
                        ],
                        [
                            13.775754,
                            51.034715
                        ],
                        [
                            13.777854,
                            51.03681
                        ],
                        [
                            13.777176,
                            51.037148
                        ],
                        [
                            13.777252,
                            51.037224
                        ],
                        [
                            13.772299,
                            51.039184
                        ],
                        [
                            13.770776,
                            51.039797
                        ],
                        [
                            13.767709,
                            51.040997
                        ],
                        [
                            13.766501,
                            51.041492
                        ],
                        [
                            13.766757,
                            51.041754
                        ],
                        [
                            13.767337,
                            51.04152
                        ],
                        [
                            13.768097,
                            51.04234
                        ],
                        [
                            13.767564,
                            51.042555
                        ],
                        [
                            13.769748,
                            51.044776
                        ],
                        [
                            13.771132,
                            51.046156
                        ],
                        [
                            13.771692,
                            51.045915
                        ],
                        [
                            13.772382,
                            51.046638
                        ],
                        [
                            13.771798,
                            51.04689
                        ],
                        [
                            13.772714,
                            51.047778
                        ],
                        [
                            13.773633,
                            51.048717
                        ],
                        [
                            13.773942,
                            51.04874
                        ],
                        [
                            13.774831,
                            51.049631
                        ],
                        [
                            13.774685,
                            51.049769
                        ],
                        [
                            13.776718,
                            51.051842
                        ],
                        [
                            13.777712,
                            51.052781
                        ],
                        [
                            13.777752,
                            51.052868
                        ],
                        [
                            13.77901,
                            51.053016
                        ],
                        [
                            13.782871,
                            51.0534
                        ],
                        [
                            13.78568,
                            51.053695
                        ],
                        [
                            13.785717,
                            51.05705
                        ],
                        [
                            13.785861,
                            51.058084
                        ],
                        [
                            13.786115,
                            51.059423
                        ],
                        [
                            13.786457,
                            51.060189
                        ],
                        [
                            13.786438,
                            51.060295
                        ],
                        [
                            13.787127,
                            51.062353
                        ],
                        [
                            13.787293,
                            51.06295
                        ],
                        [
                            13.787078,
                            51.062973
                        ],
                        [
                            13.787272,
                            51.063652
                        ],
                        [
                            13.790079,
                            51.063343
                        ],
                        [
                            13.792722,
                            51.062966
                        ],
                        [
                            13.79451,
                            51.062684
                        ],
                        [
                            13.796391,
                            51.062353
                        ],
                        [
                            13.797575,
                            51.062088
                        ],
                        [
                            13.798976,
                            51.061742
                        ],
                        [
                            13.799751,
                            51.061627
                        ],
                        [
                            13.800693,
                            51.061317
                        ],
                        [
                            13.802467,
                            51.060618
                        ],
                        [
                            13.802962,
                            51.060397
                        ],
                        [
                            13.804283,
                            51.059726
                        ],
                        [
                            13.804825,
                            51.059415
                        ],
                        [
                            13.805838,
                            51.058764
                        ],
                        [
                            13.805883,
                            51.058536
                        ],
                        [
                            13.807408,
                            51.056852
                        ],
                        [
                            13.808464,
                            51.055171
                        ],
                        [
                            13.808734,
                            51.055068
                        ],
                        [
                            13.809847,
                            51.05358
                        ],
                        [
                            13.810478,
                            51.052857
                        ],
                        [
                            13.810691,
                            51.052488
                        ],
                        [
                            13.813476,
                            51.049513
                        ],
                        [
                            13.813977,
                            51.048841
                        ],
                        [
                            13.815187,
                            51.047442
                        ],
                        [
                            13.81622,
                            51.046062
                        ],
                        [
                            13.817181,
                            51.044464
                        ],
                        [
                            13.818444,
                            51.042672
                        ],
                        [
                            13.819082,
                            51.041893
                        ],
                        [
                            13.8197,
                            51.04127
                        ],
                        [
                            13.82033,
                            51.040713
                        ],
                        [
                            13.821016,
                            51.040216
                        ],
                        [
                            13.821626,
                            51.039843
                        ],
                        [
                            13.82388,
                            51.038696
                        ],
                        [
                            13.825356,
                            51.037976
                        ],
                        [
                            13.826318,
                            51.037545
                        ],
                        [
                            13.828053,
                            51.036817
                        ],
                        [
                            13.828427,
                            51.036686
                        ],
                        [
                            13.829883,
                            51.036282
                        ],
                        [
                            13.83143,
                            51.035975
                        ],
                        [
                            13.832567,
                            51.035615
                        ],
                        [
                            13.831389,
                            51.034281
                        ],
                        [
                            13.830607,
                            51.033491
                        ],
                        [
                            13.829525,
                            51.032099
                        ],
                        [
                            13.829498,
                            51.031946
                        ],
                        [
                            13.829155,
                            51.031479
                        ],
                        [
                            13.828827,
                            51.030792
                        ],
                        [
                            13.82889,
                            51.030004
                        ],
                        [
                            13.828733,
                            51.029706
                        ],
                        [
                            13.828177,
                            51.029185
                        ],
                        [
                            13.827497,
                            51.028797
                        ],
                        [
                            13.826759,
                            51.028569
                        ],
                        [
                            13.823623,
                            51.027736
                        ],
                        [
                            13.823258,
                            51.027605
                        ],
                        [
                            13.821175,
                            51.02625
                        ],
                        [
                            13.820943,
                            51.026027
                        ],
                        [
                            13.820657,
                            51.025568
                        ],
                        [
                            13.820467,
                            51.025656
                        ],
                        [
                            13.820114,
                            51.025078
                        ],
                        [
                            13.819701,
                            51.024524
                        ],
                        [
                            13.818169,
                            51.023007
                        ],
                        [
                            13.818094,
                            51.022564
                        ],
                        [
                            13.818379,
                            51.021895
                        ],
                        [
                            13.818073,
                            51.020908
                        ],
                        [
                            13.817574,
                            51.020229
                        ],
                        [
                            13.817499,
                            51.020031
                        ],
                        [
                            13.817516,
                            51.019481
                        ],
                        [
                            13.817911,
                            51.018853
                        ],
                        [
                            13.817975,
                            51.018654
                        ],
                        [
                            13.818078,
                            51.017249
                        ],
                        [
                            13.818149,
                            51.016659
                        ],
                        [
                            13.818089,
                            51.016058
                        ],
                        [
                            13.817722,
                            51.01562
                        ],
                        [
                            13.817275,
                            51.015361
                        ],
                        [
                            13.816161,
                            51.016257
                        ],
                        [
                            13.815949,
                            51.016028
                        ],
                        [
                            13.813926,
                            51.014922
                        ],
                        [
                            13.812866,
                            51.014414
                        ],
                        [
                            13.811098,
                            51.013466
                        ],
                        [
                            13.810142,
                            51.012583
                        ],
                        [
                            13.808521,
                            51.011475
                        ],
                        [
                            13.804217,
                            51.014063
                        ],
                        [
                            13.803446,
                            51.014126
                        ],
                        [
                            13.803027,
                            51.013792
                        ],
                        [
                            13.802846,
                            51.013881
                        ],
                        [
                            13.801383,
                            51.015128
                        ],
                        [
                            13.800873,
                            51.015437
                        ],
                        [
                            13.800402,
                            51.015377
                        ],
                        [
                            13.800181,
                            51.01599
                        ],
                        [
                            13.797879,
                            51.01681
                        ],
                        [
                            13.797594,
                            51.016941
                        ],
                        [
                            13.797117,
                            51.016121
                        ],
                        [
                            13.796272,
                            51.016525
                        ],
                        [
                            13.794195,
                            51.01745
                        ],
                        [
                            13.792931,
                            51.01819
                        ],
                        [
                            13.790648,
                            51.019208
                        ],
                        [
                            13.789948,
                            51.019494
                        ],
                        [
                            13.790274,
                            51.020377
                        ],
                        [
                            13.790016,
                            51.020511
                        ],
                        [
                            13.788364,
                            51.021788
                        ],
                        [
                            13.788024,
                            51.021725
                        ],
                        [
                            13.786592,
                            51.022197
                        ],
                        [
                            13.786746,
                            51.022357
                        ],
                        [
                            13.78509,
                            51.022893
                        ],
                        [
                            13.783058,
                            51.023576
                        ],
                        [
                            13.777835,
                            51.0253
                        ],
                        [
                            13.774039,
                            51.026526
                        ],
                        [
                            13.769381,
                            51.028055
                        ]
                    ]
                ]
            },
            "properties": {
                "bez": "Blasewitz",
                "flaeche_km2": 14.489600000000001,
                "sst": null,
                "sst_klar": null,
                "historie": "akt",
                "aend": "20.03.2025 00:00:00"
            },
            "id": "Blasewitz"
        },
        {
            "type": "Feature",
            "geometry": {
                "type": "Polygon",
                "coordinates": [
                    [
                        [
                            13.869572,
                            51.135647
                        ],
                        [
                            13.869153,
                            51.135723
                        ],
                        [
                            13.86824,
                            51.135558
                        ],
                        [
                            13.86749,
                            51.135481
                        ],
                        [
                            13.866117,
                            51.135176
                        ],
                        [
                            13.865406,
                            51.134955
                        ],
                        [
                            13.864985,
                            51.135382
                        ],
                        [
                            13.864496,
                            51.135577
                        ],
                        [
                            13.863812,
                            51.13597
                        ],
                        [
                            13.863839,
                            51.136102
                        ],
                        [
                            13.863105,
                            51.136518
                        ],
                        [
                            13.861957,
                            51.136835
                        ],
                        [
                            13.86171,
                            51.137087
                        ],
                        [
                            13.860988,
                            51.137607
                        ],
                        [
                            13.860546,
                            51.137608
                        ],
                        [
                            13.860337,
                            51.137907
                        ],
                        [
                            13.859892,
                            51.138046
                        ],
                        [
                            13.859279,
                            51.138096
                        ],
                        [
                            13.858548,
                            51.138519
                        ],
                        [
                            13.857634,
                            51.13926
                        ],
                        [
                            13.857635,
                            51.139735
                        ],
                        [
                            13.857753,
                            51.139889
                        ],
                        [
                            13.857497,
                            51.14036
                        ],
                        [
                            13.856735,
                            51.14068
                        ],
                        [
                            13.856508,
                            51.140658
                        ],
                        [
                            13.855943,
                            51.140794
                        ],
                        [
                            13.855136,
                            51.140755
                        ],
                        [
                            13.854368,
                            51.141127
                        ],
                        [
                            13.853526,
                            51.141587
                        ],
                        [
                            13.853257,
                            51.142076
                        ],
                        [
                            13.853005,
                            51.142152
                        ],
                        [
                            13.85304,
                            51.142418
                        ],
                        [
                            13.852262,
                            51.142968
                        ],
                        [
                            13.851505,
                            51.142977
                        ],
                        [
                            13.851255,
                            51.143045
                        ],
                        [
                            13.851152,
                            51.143338
                        ],
                        [
                            13.850502,
                            51.143455
                        ],
                        [
                            13.849607,
                            51.143791
                        ],
                        [
                            13.849537,
                            51.143975
                        ],
                        [
                            13.848324,
                            51.144056
                        ],
                        [
                            13.846318,
                            51.144007
                        ],
                        [
                            13.844946,
                            51.144363
                        ],
                        [
                            13.843123,
                            51.144972
                        ],
                        [
                            13.84281,
                            51.145143
                        ],
                        [
                            13.841039,
                            51.145894
                        ],
                        [
                            13.839602,
                            51.146103
                        ],
                        [
                            13.838668,
                            51.146369
                        ],
                        [
                            13.838966,
                            51.146627
                        ],
                        [
                            13.83893,
                            51.147048
                        ],
                        [
                            13.839067,
                            51.147612
                        ],
                        [
                            13.839335,
                            51.148313
                        ],
                        [
                            13.839284,
                            51.148662
                        ],
                        [
                            13.840056,
                            51.148836
                        ],
                        [
                            13.840293,
                            51.149037
                        ],
                        [
                            13.84026,
                            51.149325
                        ],
                        [
                            13.841701,
                            51.150717
                        ],
                        [
                            13.842359,
                            51.151281
                        ],
                        [
                            13.842476,
                            51.151647
                        ],
                        [
                            13.842939,
                            51.152178
                        ],
                        [
                            13.843402,
                            51.151947
                        ],
                        [
                            13.843575,
                            51.152043
                        ],
                        [
                            13.844043,
                            51.151556
                        ],
                        [
                            13.844586,
                            51.151669
                        ],
                        [
                            13.845033,
                            51.151912
                        ],
                        [
                            13.845408,
                            51.152027
                        ],
                        [
                            13.846438,
                            51.152191
                        ],
                        [
                            13.847371,
                            51.152486
                        ],
                        [
                            13.848537,
                            51.152688
                        ],
                        [
                            13.849237,
                            51.152861
                        ],
                        [
                            13.850188,
                            51.153175
                        ],
                        [
                            13.85076,
                            51.153413
                        ],
                        [
                            13.85172,
                            51.153922
                        ],
                        [
                            13.852106,
                            51.154084
                        ],
                        [
                            13.852834,
                            51.154496
                        ],
                        [
                            13.85394,
                            51.154815
                        ],
                        [
                            13.854779,
                            51.155092
                        ],
                        [
                            13.855317,
                            51.155362
                        ],
                        [
                            13.856746,
                            51.155864
                        ],
                        [
                            13.857289,
                            51.156089
                        ],
                        [
                            13.857875,
                            51.156454
                        ],
                        [
                            13.858319,
                            51.156884
                        ],
                        [
                            13.859365,
                            51.157576
                        ],
                        [
                            13.859813,
                            51.157806
                        ],
                        [
                            13.860034,
                            51.158111
                        ],
                        [
                            13.860313,
                            51.158043
                        ],
                        [
                            13.860707,
                            51.157314
                        ],
                        [
                            13.860966,
                            51.157184
                        ],
                        [
                            13.862407,
                            51.157365
                        ],
                        [
                            13.862732,
                            51.157276
                        ],
                        [
                            13.862809,
                            51.156894
                        ],
                        [
                            13.863612,
                            51.156195
                        ],
                        [
                            13.864251,
                            51.155761
                        ],
                        [
                            13.864787,
                            51.15554
                        ],
                        [
                            13.865265,
                            51.155436
                        ],
                        [
                            13.866435,
                            51.155321
                        ],
                        [
                            13.867031,
                            51.15533
                        ],
                        [
                            13.867944,
                            51.15523
                        ],
                        [
                            13.868537,
                            51.155427
                        ],
                        [
                            13.869188,
                            51.15575
                        ],
                        [
                            13.869504,
                            51.155984
                        ],
                        [
                            13.869577,
                            51.156181
                        ],
                        [
                            13.869875,
                            51.156393
                        ],
                        [
                            13.870488,
                            51.156513
                        ],
                        [
                            13.870841,
                            51.156411
                        ],
                        [
                            13.871871,
                            51.156406
                        ],
                        [
                            13.87251,
                            51.156728
                        ],
                        [
                            13.873639,
                            51.15708
                        ],
                        [
                            13.873889,
                            51.156868
                        ],
                        [
                            13.874152,
                            51.156376
                        ],
                        [
                            13.874603,
                            51.155786
                        ],
                        [
                            13.87474,
                            51.155517
                        ],
                        [
                            13.875208,
                            51.155073
                        ],
                        [
                            13.875946,
                            51.154775
                        ],
                        [
                            13.877119,
                            51.154625
                        ],
                        [
                            13.877464,
                            51.154543
                        ],
                        [
                            13.877941,
                            51.154563
                        ],
                        [
                            13.878618,
                            51.15435
                        ],
                        [
                            13.878897,
                            51.154423
                        ],
                        [
                            13.879574,
                            51.154317
                        ],
                        [
                            13.879745,
                            51.154207
                        ],
                        [
                            13.879852,
                            51.153765
                        ],
                        [
                            13.878439,
                            51.152744
                        ],
                        [
                            13.878237,
                            51.152518
                        ],
                        [
                            13.878414,
                            51.152366
                        ],
                        [
                            13.879717,
                            51.152279
                        ],
                        [
                            13.880386,
                            51.152009
                        ],
                        [
                            13.880252,
                            51.151662
                        ],
                        [
                            13.880258,
                            51.150908
                        ],
                        [
                            13.88051,
                            51.150161
                        ],
                        [
                            13.880714,
                            51.150082
                        ],
                        [
                            13.882124,
                            51.150266
                        ],
                        [
                            13.88272,
                            51.150191
                        ],
                        [
                            13.883354,
                            51.150233
                        ],
                        [
                            13.884521,
                            51.149224
                        ],
                        [
                            13.88462,
                            51.148939
                        ],
                        [
                            13.884336,
                            51.148585
                        ],
                        [
                            13.883987,
                            51.147798
                        ],
                        [
                            13.883702,
                            51.146601
                        ],
                        [
                            13.883827,
                            51.146435
                        ],
                        [
                            13.88448,
                            51.146412
                        ],
                        [
                            13.885011,
                            51.146333
                        ],
                        [
                            13.886104,
                            51.146393
                        ],
                        [
                            13.886574,
                            51.146135
                        ],
                        [
                            13.887706,
                            51.146072
                        ],
                        [
                            13.887993,
                            51.14582
                        ],
                        [
                            13.887722,
                            51.145336
                        ],
                        [
                            13.88776,
                            51.145034
                        ],
                        [
                            13.887405,
                            51.144927
                        ],
                        [
                            13.887202,
                            51.144621
                        ],
                        [
                            13.887205,
                            51.144127
                        ],
                        [
                            13.887536,
                            51.143748
                        ],
                        [
                            13.887984,
                            51.14345
                        ],
                        [
                            13.888964,
                            51.142991
                        ],
                        [
                            13.889139,
                            51.142767
                        ],
                        [
                            13.888675,
                            51.142622
                        ],
                        [
                            13.888324,
                            51.14226
                        ],
                        [
                            13.888145,
                            51.141541
                        ],
                        [
                            13.888302,
                            51.141254
                        ],
                        [
                            13.888098,
                            51.140567
                        ],
                        [
                            13.887928,
                            51.140396
                        ],
                        [
                            13.8875,
                            51.140357
                        ],
                        [
                            13.886593,
                            51.140071
                        ],
                        [
                            13.885688,
                            51.139737
                        ],
                        [
                            13.884746,
                            51.139569
                        ],
                        [
                            13.884227,
                            51.139428
                        ],
                        [
                            13.883157,
                            51.139257
                        ],
                        [
                            13.881708,
                            51.139187
                        ],
                        [
                            13.880045,
                            51.13901
                        ],
                        [
                            13.879079,
                            51.138769
                        ],
                        [
                            13.879282,
                            51.138406
                        ],
                        [
                            13.878386,
                            51.138183
                        ],
                        [
                            13.877781,
                            51.138112
                        ],
                        [
                            13.876927,
                            51.137888
                        ],
                        [
                            13.876354,
                            51.138199
                        ],
                        [
                            13.874773,
                            51.137943
                        ],
                        [
                            13.873867,
                            51.137651
                        ],
                        [
                            13.872316,
                            51.136994
                        ],
                        [
                            13.870357,
                            51.136222
                        ],
                        [
                            13.869441,
                            51.135816
                        ],
                        [
                            13.869572,
                            51.135647
                        ]
                    ]
                ]
            },
            "properties": {
                "bez": "Schönborn",
                "flaeche_km2": 5.1715,
                "sst": null,
                "sst_klar": null,
                "historie": "akt",
                "aend": "20.03.2025 00:00:00"
            },
            "id": "Schönborn"
        }
    ]
}